customer_id,name,age,gender,city,state,join_date,account_type,occupation
1001,Sanjay Singh,22,Female,Hyderabad,Telangana,2021-04-02,Savings,Salaried
1002,Rekha Patel,58,Female,Mumbai,Maharashtra,2020-03-02,Savings,Business
1003,Neha Sharma,56,Male,Bhopal,Madhya Pradesh,2023-08-23,Salary,Self-Employed
1004,Neha Dubey,58,Female,Mumbai,Maharashtra,2024-04-03,Savings,Self-Employed
1005,Rohit Nair,30,Male,Pune,Maharashtra,2020-07-28,Savings,Self-Employed
1006,Sneha Malhotra,43,Female,Mumbai,Maharashtra,2024-02-03,Current,Salaried
1007,Kiran Patel,56,Female,Chandigarh,Punjab,2023-06-20,Current,Business
1008,Nikhil Patel,23,Male,Chennai,Tamil Nadu,2020-06-12,Savings,Salaried
1009,Kiran Nair,50,Female,Bangalore,Karnataka,2022-01-28,Current,Business
1010,Rekha Nair,25,Male,Jaipur,Rajasthan,2024-02-02,Savings,Business
1011,Deepak Kapoor,38,Male,Chandigarh,Punjab,2021-10-26,Savings,Business
1012,Priya Reddy,46,Female,Delhi,Delhi,2021-03-08,Salary,Student
1013,Arjun Tiwari,46,Female,Bangalore,Karnataka,2021-06-26,Savings,Business
1014,Swati Nair,58,Female,Lucknow,Uttar Pradesh,2022-03-28,Current,Business
1015,Vikram Tiwari,26,Male,Delhi,Delhi,2020-11-09,Salary,Business
1016,Rekha Mishra,59,Male,Ahmedabad,Gujarat,2022-02-20,Salary,Self-Employed
1017,Aakash Nair,56,Male,Chandigarh,Punjab,2024-01-16,Savings,Student
1018,Sanjay Reddy,28,Female,Ahmedabad,Gujarat,2020-11-19,Current,Salaried
1019,Swati Nair,53,Male,Jaipur,Rajasthan,2020-08-05,Salary,Student
1020,Sanjay Joshi,30,Female,Bangalore,Karnataka,2023-01-09,Salary,Salaried
1021,Divya Reddy,52,Male,Delhi,Delhi,2022-01-13,Current,Business
1022,Priya Rao,57,Male,Delhi,Delhi,2024-02-07,Current,Salaried
1023,Ritu Gupta,29,Female,Jaipur,Rajasthan,2020-12-04,Current,Self-Employed
1024,Arjun Joshi,40,Female,Chandigarh,Punjab,2023-08-23,Current,Self-Employed
1025,Aakash Dubey,28,Male,Hyderabad,Telangana,2020-05-11,Current,Salaried
1026,Manish Rao,58,Male,Mumbai,Maharashtra,2020-05-25,Salary,Salaried
1027,Neha Patel,23,Female,Delhi,Delhi,2022-11-18,Savings,Student
1028,Rekha Tiwari,34,Male,Bhopal,Madhya Pradesh,2024-12-12,Salary,Self-Employed
1029,Neha Tiwari,47,Male,Delhi,Delhi,2020-07-17,Salary,Self-Employed
1030,Anita Mishra,47,Female,Bhopal,Madhya Pradesh,2020-04-20,Salary,Salaried
1031,Priya Kapoor,42,Male,Hyderabad,Telangana,2021-01-27,Savings,Self-Employed
1032,Vikram Mishra,32,Female,Kolkata,West Bengal,2021-05-26,Savings,Self-Employed
1033,Ritu Singh,24,Male,Delhi,Delhi,2024-03-23,Savings,Business
1034,Meena Tiwari,51,Male,Ahmedabad,Gujarat,2020-04-30,Savings,Self-Employed
1035,Rahul Kapoor,37,Female,Chennai,Tamil Nadu,2022-05-16,Salary,Self-Employed
1036,Vikram Joshi,39,Male,Mumbai,Maharashtra,2023-04-01,Salary,Salaried
1037,Swati Reddy,24,Male,Lucknow,Uttar Pradesh,2022-09-03,Salary,Business
1038,Priya Patel,32,Male,Lucknow,Uttar Pradesh,2020-05-19,Salary,Business
1039,Kiran Singh,57,Male,Lucknow,Uttar Pradesh,2023-05-02,Savings,Salaried
1040,Meena Reddy,37,Male,Chandigarh,Punjab,2024-01-06,Current,Business
1041,Suresh Kapoor,29,Female,Kolkata,West Bengal,2021-10-09,Savings,Salaried
1042,Deepak Singh,25,Male,Jaipur,Rajasthan,2021-06-27,Savings,Student
1043,Amit Rao,44,Female,Bangalore,Karnataka,2022-06-16,Salary,Student
1044,Divya Sharma,56,Female,Chandigarh,Punjab,2020-07-31,Savings,Student
1045,Sneha Singh,56,Male,Chennai,Tamil Nadu,2021-07-31,Salary,Business
1046,Nikhil Reddy,34,Female,Jaipur,Rajasthan,2022-09-27,Current,Salaried
1047,Amit Mishra,38,Male,Mumbai,Maharashtra,2021-11-14,Savings,Student
1048,Pooja Dubey,56,Female,Jaipur,Rajasthan,2020-01-20,Savings,Salaried
1049,Nikhil Gupta,55,Male,Pune,Maharashtra,2023-04-07,Salary,Business
1050,Meena Gupta,23,Female,Pune,Maharashtra,2024-06-18,Savings,Student
1051,Arjun Rao,27,Female,Jaipur,Rajasthan,2024-12-15,Current,Business
1052,Neha Mehta,32,Female,Mumbai,Maharashtra,2021-01-02,Salary,Student
1053,Meena Rao,38,Male,Bhopal,Madhya Pradesh,2020-08-09,Current,Salaried
1054,Sunita Rao,33,Female,Pune,Maharashtra,2021-09-17,Savings,Business
1055,Rahul Joshi,46,Female,Chennai,Tamil Nadu,2024-11-05,Savings,Student
1056,Anita Kapoor,55,Female,Mumbai,Maharashtra,2020-08-24,Current,Business
1057,Manish Nair,23,Male,Lucknow,Uttar Pradesh,2022-06-08,Current,Student
1058,Meena Singh,45,Male,Chennai,Tamil Nadu,2020-03-31,Salary,Self-Employed
1059,Rahul Joshi,44,Female,Delhi,Delhi,2023-09-22,Current,Student
1060,Rekha Singh,40,Female,Chandigarh,Punjab,2022-04-16,Current,Self-Employed
1061,Nikhil Iyer,56,Male,Hyderabad,Telangana,2022-05-11,Salary,Self-Employed
1062,Rekha Mehta,60,Female,Ahmedabad,Gujarat,2023-01-27,Savings,Student
1063,Kavya Joshi,48,Female,Kolkata,West Bengal,2022-06-23,Current,Business
1064,Aakash Tiwari,31,Male,Chennai,Tamil Nadu,2022-11-21,Salary,Student
1065,Amit Rao,40,Male,Hyderabad,Telangana,2020-10-28,Savings,Salaried
1066,Neha Tiwari,60,Male,Kolkata,West Bengal,2022-04-28,Salary,Business
1067,Nikhil Kapoor,52,Female,Hyderabad,Telangana,2020-10-29,Salary,Salaried
1068,Sneha Mishra,35,Male,Bhopal,Madhya Pradesh,2022-11-26,Current,Salaried
1069,Ritu Rao,28,Female,Bangalore,Karnataka,2024-06-29,Current,Student
1070,Deepak Mishra,56,Female,Bangalore,Karnataka,2024-03-03,Current,Self-Employed
1071,Suresh Rao,38,Female,Chandigarh,Punjab,2021-05-04,Current,Self-Employed
1072,Amit Iyer,36,Female,Pune,Maharashtra,2021-10-16,Salary,Salaried
1073,Vikram Gupta,35,Female,Bhopal,Madhya Pradesh,2020-11-08,Salary,Business
1074,Amit Mishra,47,Female,Jaipur,Rajasthan,2022-08-12,Current,Salaried
1075,Arjun Mishra,45,Male,Lucknow,Uttar Pradesh,2022-02-18,Current,Salaried
1076,Anita Iyer,45,Female,Jaipur,Rajasthan,2024-03-10,Salary,Business
1077,Sunita Rao,38,Female,Kolkata,West Bengal,2020-02-29,Current,Student
1078,Rekha Kapoor,31,Female,Bangalore,Karnataka,2023-06-28,Salary,Salaried
1079,Kiran Sharma,26,Female,Bangalore,Karnataka,2024-11-10,Current,Business
1080,Priya Nair,45,Female,Hyderabad,Telangana,2022-07-20,Current,Student
1081,Kiran Nair,47,Female,Delhi,Delhi,2022-08-21,Savings,Salaried
1082,Anita Rao,25,Male,Mumbai,Maharashtra,2021-05-21,Savings,Salaried
1083,Divya Gupta,36,Male,Kolkata,West Bengal,2023-10-03,Savings,Business
1084,Deepak Nair,44,Male,Lucknow,Uttar Pradesh,2023-05-28,Salary,Salaried
1085,Pooja Iyer,27,Male,Chennai,Tamil Nadu,2023-03-25,Salary,Self-Employed
1086,Kiran Joshi,25,Male,Delhi,Delhi,2023-11-28,Current,Salaried
1087,Manish Verma,43,Female,Chandigarh,Punjab,2022-01-28,Savings,Student
1088,Rahul Mishra,52,Male,Ahmedabad,Gujarat,2022-01-11,Salary,Self-Employed
1089,Nikhil Gupta,48,Male,Bhopal,Madhya Pradesh,2022-12-04,Salary,Student
1090,Divya Tiwari,50,Female,Bhopal,Madhya Pradesh,2023-04-28,Current,Student
1091,Neha Patel,38,Female,Hyderabad,Telangana,2024-03-16,Current,Self-Employed
1092,Rohit Sharma,52,Female,Bangalore,Karnataka,2022-09-25,Savings,Student
1093,Suresh Reddy,38,Female,Jaipur,Rajasthan,2020-01-21,Salary,Business
1094,Amit Rao,47,Female,Jaipur,Rajasthan,2024-04-01,Savings,Self-Employed
1095,Sanjay Tiwari,49,Male,Delhi,Delhi,2021-08-25,Savings,Self-Employed
1096,Nikhil Rao,40,Female,Kolkata,West Bengal,2023-02-07,Salary,Student
1097,Meena Reddy,43,Female,Chennai,Tamil Nadu,2021-09-19,Current,Business
1098,Sneha Joshi,41,Male,Bhopal,Madhya Pradesh,2023-01-02,Salary,Business
1099,Arjun Joshi,51,Female,Bhopal,Madhya Pradesh,2023-04-22,Salary,Student
1100,Sneha Joshi,39,Male,Pune,Maharashtra,2021-01-02,Current,Salaried
1101,Nikhil Gupta,38,Male,Mumbai,Maharashtra,2023-02-07,Current,Business
1102,Sanjay Tiwari,27,Male,Lucknow,Uttar Pradesh,2021-08-05,Current,Self-Employed
1103,Deepak Reddy,32,Male,Chennai,Tamil Nadu,2024-10-30,Current,Salaried
1104,Amit Kapoor,52,Male,Lucknow,Uttar Pradesh,2023-07-13,Salary,Salaried
1105,Vikram Gupta,57,Female,Delhi,Delhi,2021-05-23,Savings,Self-Employed
1106,Divya Rao,54,Female,Kolkata,West Bengal,2022-06-25,Current,Self-Employed
1107,Kavya Verma,60,Male,Hyderabad,Telangana,2023-07-05,Savings,Student
1108,Rekha Patel,31,Male,Bangalore,Karnataka,2023-02-04,Savings,Business
1109,Rahul Mishra,49,Female,Chennai,Tamil Nadu,2020-03-07,Savings,Student
1110,Nikhil Iyer,50,Male,Chandigarh,Punjab,2021-04-23,Current,Business
1111,Meena Singh,55,Male,Chandigarh,Punjab,2020-11-01,Current,Business
1112,Amit Verma,31,Female,Lucknow,Uttar Pradesh,2024-03-13,Salary,Student
1113,Deepak Singh,50,Female,Bhopal,Madhya Pradesh,2022-04-04,Current,Self-Employed
1114,Deepak Patel,59,Male,Ahmedabad,Gujarat,2024-02-13,Current,Student
1115,Rahul Patel,35,Male,Chandigarh,Punjab,2024-08-09,Current,Salaried
1116,Pooja Tiwari,54,Female,Chennai,Tamil Nadu,2021-01-06,Salary,Self-Employed
1117,Sanjay Tiwari,26,Female,Pune,Maharashtra,2022-04-16,Current,Student
1118,Rekha Singh,31,Female,Ahmedabad,Gujarat,2023-11-21,Current,Student
1119,Rekha Kapoor,56,Male,Kolkata,West Bengal,2020-06-29,Current,Student
1120,Rohit Singh,46,Male,Chandigarh,Punjab,2024-11-15,Salary,Self-Employed
1121,Meena Verma,33,Female,Lucknow,Uttar Pradesh,2024-03-29,Current,Self-Employed
1122,Priya Joshi,38,Male,Chennai,Tamil Nadu,2022-06-16,Salary,Self-Employed
1123,Sneha Sharma,59,Male,Bhopal,Madhya Pradesh,2020-11-20,Current,Salaried
1124,Ritu Mishra,26,Male,Delhi,Delhi,2022-08-03,Savings,Business
1125,Sunita Iyer,53,Female,Ahmedabad,Gujarat,2024-09-05,Current,Self-Employed
1126,Neha Dubey,56,Male,Ahmedabad,Gujarat,2021-01-25,Salary,Business
1127,Amit Nair,47,Female,Jaipur,Rajasthan,2021-07-01,Savings,Student
1128,Swati Iyer,58,Female,Bangalore,Karnataka,2022-07-03,Salary,Self-Employed
1129,Anita Reddy,56,Female,Kolkata,West Bengal,2021-10-21,Savings,Business
1130,Manish Kapoor,35,Female,Mumbai,Maharashtra,2021-10-13,Salary,Self-Employed
1131,Nikhil Kapoor,45,Male,Kolkata,West Bengal,2020-03-16,Savings,Student
1132,Sneha Dubey,27,Female,Mumbai,Maharashtra,2024-01-19,Savings,Self-Employed
1133,Sanjay Gupta,25,Female,Chennai,Tamil Nadu,2021-11-24,Salary,Self-Employed
1134,Sanjay Patel,42,Female,Pune,Maharashtra,2023-07-07,Salary,Self-Employed
1135,Ritu Verma,60,Male,Hyderabad,Telangana,2023-07-16,Salary,Student
1136,Neha Patel,48,Male,Chandigarh,Punjab,2023-12-12,Savings,Self-Employed
1137,Pooja Iyer,22,Male,Pune,Maharashtra,2024-06-18,Savings,Student
1138,Anita Malhotra,48,Male,Hyderabad,Telangana,2022-12-23,Current,Business
1139,Pooja Mehta,26,Female,Lucknow,Uttar Pradesh,2023-10-31,Savings,Self-Employed
1140,Manish Gupta,35,Female,Chandigarh,Punjab,2021-06-04,Current,Student
1141,Rekha Sharma,50,Female,Chandigarh,Punjab,2023-01-24,Savings,Salaried
1142,Deepak Malhotra,58,Female,Chandigarh,Punjab,2022-05-18,Salary,Student
1143,Deepak Iyer,33,Female,Kolkata,West Bengal,2020-08-06,Savings,Self-Employed
1144,Manish Malhotra,57,Female,Bhopal,Madhya Pradesh,2021-08-27,Savings,Self-Employed
1145,Suresh Sharma,57,Male,Lucknow,Uttar Pradesh,2024-03-06,Current,Student
1146,Neha Malhotra,35,Male,Lucknow,Uttar Pradesh,2021-05-28,Salary,Business
1147,Sanjay Singh,23,Female,Kolkata,West Bengal,2020-03-09,Salary,Student
1148,Swati Gupta,26,Female,Pune,Maharashtra,2024-03-10,Current,Business
1149,Arjun Gupta,55,Female,Jaipur,Rajasthan,2022-10-24,Current,Business
1150,Suresh Tiwari,39,Female,Delhi,Delhi,2022-08-17,Savings,Business
1151,Neha Kapoor,56,Female,Delhi,Delhi,2024-06-07,Current,Salaried
1152,Suresh Singh,50,Female,Chandigarh,Punjab,2024-03-13,Salary,Student
1153,Manish Kapoor,44,Male,Chandigarh,Punjab,2021-04-23,Current,Salaried
1154,Divya Reddy,60,Male,Chandigarh,Punjab,2020-05-09,Salary,Self-Employed
1155,Nikhil Iyer,47,Male,Bangalore,Karnataka,2020-04-02,Savings,Student
1156,Sunita Singh,27,Male,Jaipur,Rajasthan,2020-10-04,Current,Self-Employed
1157,Anita Mishra,58,Male,Ahmedabad,Gujarat,2023-09-03,Savings,Self-Employed
1158,Divya Mishra,38,Male,Bhopal,Madhya Pradesh,2022-01-28,Savings,Self-Employed
1159,Deepak Rao,44,Male,Chandigarh,Punjab,2022-01-22,Salary,Student
1160,Priya Kapoor,38,Male,Delhi,Delhi,2024-10-02,Current,Salaried
1161,Rekha Joshi,59,Male,Mumbai,Maharashtra,2024-05-30,Current,Business
1162,Vikram Joshi,25,Male,Lucknow,Uttar Pradesh,2021-03-18,Savings,Student
1163,Vikram Sharma,38,Male,Bangalore,Karnataka,2023-01-11,Current,Business
1164,Sneha Sharma,29,Male,Pune,Maharashtra,2024-06-05,Savings,Student
1165,Rahul Mehta,37,Male,Bangalore,Karnataka,2024-02-28,Current,Salaried
1166,Swati Patel,51,Female,Pune,Maharashtra,2022-11-17,Salary,Salaried
1167,Deepak Rao,60,Male,Bhopal,Madhya Pradesh,2024-05-23,Salary,Student
1168,Deepak Sharma,24,Female,Ahmedabad,Gujarat,2022-05-23,Salary,Salaried
1169,Sunita Dubey,25,Male,Pune,Maharashtra,2023-05-30,Savings,Salaried
1170,Vikram Nair,60,Female,Ahmedabad,Gujarat,2023-05-08,Salary,Student
1171,Deepak Mishra,27,Male,Chandigarh,Punjab,2023-08-26,Salary,Business
1172,Meena Dubey,35,Female,Pune,Maharashtra,2024-08-21,Current,Self-Employed
1173,Meena Singh,41,Female,Pune,Maharashtra,2023-09-24,Current,Student
1174,Vikram Tiwari,25,Male,Delhi,Delhi,2020-07-09,Current,Salaried
1175,Swati Malhotra,29,Male,Lucknow,Uttar Pradesh,2023-02-24,Salary,Student
1176,Rekha Singh,47,Female,Chandigarh,Punjab,2024-03-16,Current,Salaried
1177,Kavya Iyer,43,Male,Lucknow,Uttar Pradesh,2022-11-05,Savings,Business
1178,Rekha Tiwari,35,Male,Pune,Maharashtra,2024-09-27,Salary,Student
1179,Sneha Nair,57,Male,Ahmedabad,Gujarat,2024-09-26,Salary,Salaried
1180,Divya Nair,22,Male,Chennai,Tamil Nadu,2023-12-10,Current,Student
1181,Anita Sharma,32,Male,Lucknow,Uttar Pradesh,2023-09-08,Current,Salaried
1182,Vikram Sharma,26,Male,Ahmedabad,Gujarat,2022-05-09,Current,Student
1183,Pooja Malhotra,40,Female,Lucknow,Uttar Pradesh,2023-05-06,Savings,Salaried
1184,Vikram Mehta,60,Male,Chandigarh,Punjab,2020-06-16,Current,Self-Employed
1185,Rekha Mishra,52,Female,Ahmedabad,Gujarat,2021-07-13,Savings,Salaried
1186,Anita Mishra,28,Female,Chandigarh,Punjab,2023-10-21,Salary,Self-Employed
1187,Aakash Iyer,23,Male,Ahmedabad,Gujarat,2023-05-12,Savings,Salaried
1188,Arjun Iyer,34,Male,Chennai,Tamil Nadu,2021-08-15,Current,Salaried
1189,Rahul Tiwari,48,Male,Bangalore,Karnataka,2022-02-17,Salary,Business
1190,Aakash Malhotra,25,Female,Bhopal,Madhya Pradesh,2020-03-27,Current,Salaried
1191,Deepak Patel,41,Female,Lucknow,Uttar Pradesh,2022-04-08,Salary,Self-Employed
1192,Kavya Singh,46,Male,Pune,Maharashtra,2020-12-17,Salary,Self-Employed
1193,Nikhil Malhotra,26,Female,Delhi,Delhi,2021-05-13,Current,Self-Employed
1194,Aakash Patel,46,Female,Bhopal,Madhya Pradesh,2021-11-26,Savings,Student
1195,Pooja Patel,53,Male,Jaipur,Rajasthan,2022-11-10,Savings,Student
1196,Anita Gupta,36,Male,Bangalore,Karnataka,2021-06-08,Savings,Business
1197,Divya Gupta,25,Male,Chandigarh,Punjab,2022-10-08,Current,Self-Employed
1198,Rekha Reddy,41,Male,Kolkata,West Bengal,2020-05-19,Current,Self-Employed
1199,Sanjay Iyer,38,Male,Pune,Maharashtra,2022-11-05,Savings,Student
1200,Deepak Dubey,23,Male,Pune,Maharashtra,2024-08-30,Current,Salaried
1201,Sanjay Patel,60,Female,Kolkata,West Bengal,2023-04-03,Salary,Salaried
1202,Deepak Joshi,41,Female,Jaipur,Rajasthan,2020-11-04,Savings,Self-Employed
1203,Sneha Reddy,26,Male,Mumbai,Maharashtra,2021-05-22,Salary,Self-Employed
1204,Deepak Mehta,44,Female,Chennai,Tamil Nadu,2022-03-04,Current,Student
1205,Rekha Verma,42,Male,Pune,Maharashtra,2020-07-12,Salary,Self-Employed
1206,Kavya Nair,59,Male,Pune,Maharashtra,2020-06-15,Salary,Business
1207,Anita Iyer,46,Male,Lucknow,Uttar Pradesh,2023-12-22,Savings,Student
1208,Ritu Kapoor,42,Male,Chandigarh,Punjab,2023-12-10,Salary,Salaried
1209,Sanjay Mishra,53,Female,Mumbai,Maharashtra,2022-01-12,Current,Business
1210,Arjun Reddy,52,Male,Hyderabad,Telangana,2020-10-08,Savings,Salaried
1211,Kavya Singh,53,Male,Chandigarh,Punjab,2021-11-20,Salary,Business
1212,Divya Kapoor,30,Male,Bangalore,Karnataka,2024-08-29,Salary,Business
1213,Swati Dubey,23,Female,Pune,Maharashtra,2023-10-17,Salary,Business
1214,Deepak Iyer,49,Male,Jaipur,Rajasthan,2021-05-04,Current,Self-Employed
1215,Arjun Malhotra,57,Female,Kolkata,West Bengal,2024-04-24,Current,Self-Employed
1216,Aakash Mishra,31,Male,Lucknow,Uttar Pradesh,2020-10-10,Current,Salaried
1217,Sanjay Tiwari,44,Male,Bhopal,Madhya Pradesh,2024-09-28,Salary,Salaried
1218,Kavya Patel,31,Female,Kolkata,West Bengal,2022-11-17,Savings,Self-Employed
1219,Amit Rao,49,Female,Mumbai,Maharashtra,2022-04-29,Savings,Self-Employed
1220,Aakash Malhotra,36,Female,Delhi,Delhi,2022-02-06,Savings,Salaried
1221,Rohit Singh,42,Male,Bangalore,Karnataka,2020-03-19,Current,Self-Employed
1222,Nikhil Gupta,51,Female,Lucknow,Uttar Pradesh,2020-01-11,Savings,Salaried
1223,Suresh Joshi,30,Female,Delhi,Delhi,2024-05-08,Current,Business
1224,Kavya Singh,24,Male,Ahmedabad,Gujarat,2023-08-01,Salary,Self-Employed
1225,Amit Singh,52,Male,Chandigarh,Punjab,2022-11-21,Salary,Business
1226,Nikhil Gupta,39,Female,Mumbai,Maharashtra,2023-06-13,Current,Business
1227,Manish Mishra,32,Male,Jaipur,Rajasthan,2022-01-08,Savings,Salaried
1228,Kiran Tiwari,23,Female,Pune,Maharashtra,2021-06-03,Salary,Salaried
1229,Anita Patel,43,Male,Bhopal,Madhya Pradesh,2023-09-07,Salary,Salaried
1230,Manish Reddy,29,Male,Pune,Maharashtra,2023-01-23,Current,Business
1231,Rekha Dubey,51,Male,Bangalore,Karnataka,2020-05-09,Salary,Self-Employed
1232,Priya Iyer,33,Male,Hyderabad,Telangana,2024-12-19,Savings,Student
1233,Kavya Kapoor,55,Female,Chennai,Tamil Nadu,2020-03-15,Salary,Business
1234,Kavya Malhotra,24,Female,Chennai,Tamil Nadu,2020-09-11,Current,Self-Employed
1235,Kiran Dubey,45,Female,Bangalore,Karnataka,2022-10-13,Salary,Self-Employed
1236,Anita Nair,26,Female,Delhi,Delhi,2022-05-31,Salary,Business
1237,Ritu Iyer,41,Male,Delhi,Delhi,2021-11-02,Salary,Student
1238,Kavya Dubey,59,Female,Bangalore,Karnataka,2023-11-13,Current,Student
1239,Deepak Verma,43,Female,Chennai,Tamil Nadu,2023-08-02,Savings,Salaried
1240,Rekha Kapoor,44,Male,Mumbai,Maharashtra,2020-10-19,Salary,Self-Employed
1241,Priya Gupta,25,Male,Chandigarh,Punjab,2022-01-20,Current,Self-Employed
1242,Manish Verma,59,Male,Chandigarh,Punjab,2022-07-10,Current,Student
1243,Deepak Patel,57,Male,Jaipur,Rajasthan,2022-01-21,Current,Student
1244,Sanjay Nair,36,Male,Mumbai,Maharashtra,2024-02-15,Savings,Self-Employed
1245,Aakash Kapoor,56,Male,Chennai,Tamil Nadu,2024-05-06,Current,Self-Employed
1246,Arjun Iyer,52,Male,Delhi,Delhi,2020-10-04,Savings,Self-Employed
1247,Pooja Dubey,26,Female,Chandigarh,Punjab,2021-12-12,Salary,Salaried
1248,Ritu Iyer,40,Male,Bhopal,Madhya Pradesh,2023-12-24,Salary,Business
1249,Anita Rao,28,Male,Bangalore,Karnataka,2021-04-29,Current,Salaried
1250,Anita Malhotra,50,Male,Lucknow,Uttar Pradesh,2024-12-15,Savings,Salaried
1251,Kavya Kapoor,51,Female,Ahmedabad,Gujarat,2024-08-13,Salary,Salaried
1252,Vikram Reddy,25,Female,Kolkata,West Bengal,2023-10-24,Salary,Student
1253,Vikram Mehta,29,Female,Jaipur,Rajasthan,2024-11-13,Savings,Salaried
1254,Aakash Gupta,40,Male,Bangalore,Karnataka,2021-10-22,Salary,Business
1255,Anita Iyer,26,Female,Hyderabad,Telangana,2023-07-24,Salary,Student
1256,Vikram Iyer,60,Male,Jaipur,Rajasthan,2023-08-05,Savings,Business
1257,Pooja Reddy,57,Male,Mumbai,Maharashtra,2020-06-15,Savings,Student
1258,Sanjay Joshi,57,Female,Lucknow,Uttar Pradesh,2023-08-01,Savings,Self-Employed
1259,Sanjay Iyer,40,Female,Hyderabad,Telangana,2024-07-06,Salary,Self-Employed
1260,Kavya Dubey,25,Male,Bangalore,Karnataka,2022-06-19,Current,Self-Employed
1261,Deepak Joshi,42,Male,Pune,Maharashtra,2024-10-30,Salary,Student
1262,Swati Malhotra,46,Male,Pune,Maharashtra,2022-11-20,Salary,Salaried
1263,Rohit Rao,50,Male,Chennai,Tamil Nadu,2022-07-09,Savings,Business
1264,Sneha Verma,39,Female,Lucknow,Uttar Pradesh,2022-05-06,Savings,Business
1265,Rohit Reddy,33,Male,Kolkata,West Bengal,2022-11-20,Current,Self-Employed
1266,Kavya Tiwari,22,Male,Ahmedabad,Gujarat,2022-11-01,Current,Business
1267,Arjun Malhotra,24,Male,Chennai,Tamil Nadu,2022-10-10,Salary,Self-Employed
1268,Kavya Sharma,27,Female,Bangalore,Karnataka,2024-12-12,Current,Student
1269,Kiran Malhotra,23,Female,Mumbai,Maharashtra,2023-03-13,Salary,Business
1270,Anita Iyer,25,Female,Jaipur,Rajasthan,2022-07-11,Salary,Student
1271,Divya Singh,29,Male,Ahmedabad,Gujarat,2022-02-03,Current,Student
1272,Vikram Joshi,59,Female,Jaipur,Rajasthan,2020-03-23,Savings,Salaried
1273,Vikram Reddy,51,Female,Bangalore,Karnataka,2023-05-26,Salary,Business
1274,Rohit Reddy,31,Female,Lucknow,Uttar Pradesh,2024-02-23,Current,Student
1275,Aakash Tiwari,57,Female,Kolkata,West Bengal,2024-07-28,Savings,Student
1276,Rohit Singh,47,Female,Bhopal,Madhya Pradesh,2024-11-21,Salary,Salaried
1277,Divya Tiwari,37,Male,Bhopal,Madhya Pradesh,2020-04-15,Salary,Self-Employed
1278,Pooja Kapoor,30,Male,Mumbai,Maharashtra,2023-03-18,Salary,Salaried
1279,Arjun Sharma,49,Female,Ahmedabad,Gujarat,2020-11-06,Current,Business
1280,Meena Tiwari,24,Male,Jaipur,Rajasthan,2021-02-28,Salary,Student
1281,Rekha Tiwari,54,Female,Pune,Maharashtra,2020-12-20,Current,Student
1282,Ritu Malhotra,37,Female,Hyderabad,Telangana,2021-05-19,Current,Student
1283,Neha Iyer,39,Male,Bhopal,Madhya Pradesh,2023-12-14,Current,Student
1284,Sunita Malhotra,56,Female,Chennai,Tamil Nadu,2020-09-06,Salary,Self-Employed
1285,Kiran Malhotra,30,Female,Mumbai,Maharashtra,2021-08-12,Salary,Salaried
1286,Anita Dubey,37,Female,Hyderabad,Telangana,2021-02-17,Salary,Student
1287,Ritu Nair,29,Male,Lucknow,Uttar Pradesh,2024-02-26,Salary,Business
1288,Neha Verma,54,Male,Chandigarh,Punjab,2021-04-21,Savings,Salaried
1289,Meena Reddy,51,Male,Chandigarh,Punjab,2024-04-27,Savings,Salaried
1290,Ritu Mehta,47,Female,Kolkata,West Bengal,2023-08-25,Savings,Student
1291,Rohit Iyer,24,Male,Chandigarh,Punjab,2023-03-21,Savings,Salaried
1292,Pooja Mishra,32,Male,Ahmedabad,Gujarat,2024-06-01,Current,Business
1293,Swati Iyer,23,Male,Chennai,Tamil Nadu,2023-03-09,Salary,Salaried
1294,Rohit Iyer,50,Female,Bangalore,Karnataka,2024-10-08,Salary,Self-Employed
1295,Suresh Joshi,28,Female,Bangalore,Karnataka,2024-02-06,Current,Student
1296,Nikhil Mehta,21,Female,Chennai,Tamil Nadu,2023-03-08,Salary,Business
1297,Pooja Kapoor,48,Female,Delhi,Delhi,2022-03-31,Salary,Salaried
1298,Pooja Gupta,51,Female,Hyderabad,Telangana,2020-01-14,Current,Self-Employed
1299,Neha Dubey,38,Female,Chennai,Tamil Nadu,2023-04-07,Salary,Salaried
1300,Suresh Malhotra,36,Male,Chandigarh,Punjab,2020-08-30,Current,Student
1301,Pooja Kapoor,53,Female,Bhopal,Madhya Pradesh,2020-08-28,Salary,Student
1302,Anita Rao,35,Male,Kolkata,West Bengal,2020-11-09,Current,Student
1303,Meena Tiwari,55,Male,Hyderabad,Telangana,2023-10-25,Salary,Salaried
1304,Aakash Dubey,54,Female,Delhi,Delhi,2023-03-01,Savings,Salaried
1305,Ritu Joshi,57,Male,Bangalore,Karnataka,2021-11-02,Salary,Self-Employed
1306,Sneha Joshi,58,Female,Delhi,Delhi,2022-11-11,Current,Salaried
1307,Deepak Gupta,53,Female,Kolkata,West Bengal,2023-02-28,Savings,Self-Employed
1308,Rekha Iyer,22,Female,Chennai,Tamil Nadu,2024-07-30,Savings,Business
1309,Manish Patel,23,Female,Pune,Maharashtra,2023-12-05,Savings,Salaried
1310,Amit Tiwari,23,Female,Ahmedabad,Gujarat,2021-01-03,Savings,Self-Employed
1311,Anita Kapoor,49,Female,Ahmedabad,Gujarat,2020-06-13,Salary,Business
1312,Sanjay Malhotra,28,Male,Jaipur,Rajasthan,2022-03-15,Salary,Business
1313,Swati Rao,21,Male,Chennai,Tamil Nadu,2022-08-06,Salary,Self-Employed
1314,Ritu Kapoor,35,Male,Kolkata,West Bengal,2021-12-09,Savings,Student
1315,Arjun Singh,23,Female,Lucknow,Uttar Pradesh,2024-04-17,Savings,Business
1316,Arjun Patel,27,Male,Kolkata,West Bengal,2023-05-09,Salary,Salaried
1317,Neha Verma,46,Female,Hyderabad,Telangana,2023-01-10,Savings,Salaried
1318,Vikram Iyer,35,Female,Lucknow,Uttar Pradesh,2023-05-09,Salary,Student
1319,Neha Iyer,30,Male,Ahmedabad,Gujarat,2021-09-07,Current,Salaried
1320,Ritu Mehta,48,Female,Mumbai,Maharashtra,2021-12-06,Salary,Self-Employed
1321,Aakash Reddy,47,Female,Bangalore,Karnataka,2021-09-06,Current,Business
1322,Ritu Tiwari,36,Male,Chennai,Tamil Nadu,2024-10-22,Salary,Business
1323,Deepak Verma,56,Female,Ahmedabad,Gujarat,2023-02-15,Salary,Business
1324,Kiran Rao,37,Male,Pune,Maharashtra,2023-08-17,Savings,Self-Employed
1325,Anita Patel,55,Male,Mumbai,Maharashtra,2021-07-03,Current,Salaried
1326,Amit Joshi,58,Male,Kolkata,West Bengal,2021-03-03,Current,Student
1327,Rahul Joshi,33,Male,Bhopal,Madhya Pradesh,2024-03-24,Current,Business
1328,Nikhil Joshi,46,Male,Jaipur,Rajasthan,2021-10-20,Current,Self-Employed
1329,Deepak Malhotra,40,Female,Pune,Maharashtra,2022-11-16,Current,Self-Employed
1330,Sneha Tiwari,41,Male,Pune,Maharashtra,2021-10-02,Current,Salaried
1331,Manish Rao,30,Male,Chennai,Tamil Nadu,2023-02-07,Salary,Self-Employed
1332,Kavya Gupta,33,Female,Hyderabad,Telangana,2022-02-16,Salary,Business
1333,Sunita Reddy,37,Female,Bhopal,Madhya Pradesh,2023-08-07,Salary,Self-Employed
1334,Deepak Mehta,43,Male,Bangalore,Karnataka,2024-01-15,Salary,Self-Employed
1335,Pooja Verma,54,Male,Delhi,Delhi,2024-08-02,Salary,Salaried
1336,Rahul Mishra,29,Male,Delhi,Delhi,2023-12-19,Savings,Salaried
1337,Arjun Dubey,44,Male,Lucknow,Uttar Pradesh,2023-07-30,Salary,Self-Employed
1338,Rekha Tiwari,22,Male,Jaipur,Rajasthan,2023-02-03,Current,Salaried
1339,Rahul Nair,55,Female,Mumbai,Maharashtra,2022-10-25,Salary,Self-Employed
1340,Pooja Singh,27,Male,Hyderabad,Telangana,2021-01-28,Salary,Student
1341,Anita Nair,46,Male,Pune,Maharashtra,2022-04-11,Current,Business
1342,Nikhil Rao,40,Male,Chandigarh,Punjab,2024-10-23,Salary,Salaried
1343,Amit Kapoor,45,Female,Jaipur,Rajasthan,2022-09-01,Savings,Salaried
1344,Nikhil Mehta,26,Female,Ahmedabad,Gujarat,2023-08-13,Current,Salaried
1345,Aakash Verma,35,Male,Bhopal,Madhya Pradesh,2024-12-22,Salary,Self-Employed
1346,Suresh Verma,25,Female,Jaipur,Rajasthan,2023-02-28,Salary,Salaried
1347,Pooja Reddy,22,Male,Lucknow,Uttar Pradesh,2020-10-22,Salary,Self-Employed
1348,Amit Iyer,31,Male,Lucknow,Uttar Pradesh,2024-09-05,Current,Student
1349,Kiran Gupta,26,Female,Mumbai,Maharashtra,2020-07-19,Current,Business
1350,Amit Reddy,59,Female,Pune,Maharashtra,2020-03-01,Salary,Student
1351,Deepak Tiwari,35,Female,Jaipur,Rajasthan,2022-02-07,Current,Business
1352,Rekha Kapoor,26,Female,Hyderabad,Telangana,2023-12-31,Savings,Salaried
1353,Suresh Gupta,45,Male,Bhopal,Madhya Pradesh,2022-03-08,Current,Student
1354,Sneha Patel,21,Female,Kolkata,West Bengal,2022-01-07,Current,Salaried
1355,Vikram Patel,32,Female,Kolkata,West Bengal,2023-02-14,Salary,Self-Employed
1356,Sneha Sharma,26,Female,Jaipur,Rajasthan,2020-07-09,Salary,Student
1357,Kiran Sharma,39,Female,Ahmedabad,Gujarat,2024-05-14,Savings,Business
1358,Manish Mehta,45,Male,Bangalore,Karnataka,2021-07-04,Current,Student
1359,Sunita Gupta,25,Male,Ahmedabad,Gujarat,2021-07-19,Current,Student
1360,Sunita Patel,44,Female,Hyderabad,Telangana,2024-01-16,Salary,Self-Employed
1361,Divya Joshi,50,Male,Bangalore,Karnataka,2021-09-15,Savings,Self-Employed
1362,Rohit Kapoor,42,Female,Pune,Maharashtra,2022-05-31,Salary,Business
1363,Kavya Reddy,59,Male,Kolkata,West Bengal,2021-10-05,Savings,Self-Employed
1364,Rohit Iyer,52,Male,Pune,Maharashtra,2022-02-09,Current,Self-Employed
1365,Anita Singh,57,Male,Lucknow,Uttar Pradesh,2023-01-22,Savings,Salaried
1366,Swati Dubey,34,Female,Chennai,Tamil Nadu,2024-08-29,Salary,Salaried
1367,Meena Tiwari,29,Female,Hyderabad,Telangana,2021-06-01,Salary,Business
1368,Nikhil Mishra,45,Male,Kolkata,West Bengal,2023-05-09,Current,Self-Employed
1369,Ritu Mishra,55,Male,Pune,Maharashtra,2023-12-07,Salary,Salaried
1370,Sneha Rao,43,Male,Chandigarh,Punjab,2023-06-08,Savings,Self-Employed
1371,Rohit Mishra,27,Male,Delhi,Delhi,2021-06-13,Savings,Business
1372,Deepak Malhotra,46,Female,Chandigarh,Punjab,2023-04-20,Salary,Business
1373,Anita Sharma,51,Male,Chennai,Tamil Nadu,2022-05-01,Savings,Salaried
1374,Swati Gupta,43,Female,Pune,Maharashtra,2022-07-21,Savings,Self-Employed
1375,Anita Tiwari,27,Female,Bhopal,Madhya Pradesh,2023-11-27,Current,Student
1376,Amit Iyer,23,Male,Mumbai,Maharashtra,2024-10-05,Current,Salaried
1377,Rekha Mehta,36,Male,Jaipur,Rajasthan,2020-11-23,Current,Self-Employed
1378,Deepak Rao,46,Male,Bangalore,Karnataka,2023-08-04,Salary,Self-Employed
1379,Kiran Sharma,60,Male,Kolkata,West Bengal,2023-04-27,Current,Self-Employed
1380,Rahul Joshi,34,Female,Bhopal,Madhya Pradesh,2024-07-14,Savings,Salaried
1381,Ritu Mehta,44,Female,Hyderabad,Telangana,2022-07-26,Savings,Student
1382,Rekha Tiwari,54,Female,Lucknow,Uttar Pradesh,2022-03-06,Salary,Self-Employed
1383,Manish Singh,43,Female,Kolkata,West Bengal,2023-06-18,Savings,Student
1384,Divya Patel,29,Female,Delhi,Delhi,2021-05-03,Current,Salaried
1385,Pooja Malhotra,30,Female,Ahmedabad,Gujarat,2023-05-06,Savings,Self-Employed
1386,Meena Mehta,52,Male,Jaipur,Rajasthan,2020-12-07,Current,Student
1387,Vikram Mehta,41,Female,Lucknow,Uttar Pradesh,2020-04-19,Current,Salaried
1388,Sunita Gupta,33,Female,Jaipur,Rajasthan,2022-11-01,Salary,Self-Employed
1389,Meena Tiwari,47,Female,Kolkata,West Bengal,2020-12-08,Savings,Salaried
1390,Neha Iyer,23,Female,Hyderabad,Telangana,2023-01-06,Current,Business
1391,Deepak Tiwari,56,Male,Lucknow,Uttar Pradesh,2020-08-21,Current,Student
1392,Ritu Verma,49,Male,Ahmedabad,Gujarat,2020-07-28,Salary,Business
1393,Kavya Verma,49,Female,Pune,Maharashtra,2024-10-31,Savings,Self-Employed
1394,Sneha Rao,34,Female,Bhopal,Madhya Pradesh,2023-06-03,Salary,Self-Employed
1395,Pooja Gupta,34,Male,Mumbai,Maharashtra,2023-03-13,Current,Student
1396,Divya Mehta,41,Female,Chennai,Tamil Nadu,2023-03-18,Current,Salaried
1397,Vikram Mishra,24,Female,Chandigarh,Punjab,2020-09-16,Salary,Business
1398,Neha Gupta,41,Male,Chandigarh,Punjab,2022-03-15,Current,Business
1399,Manish Nair,47,Female,Kolkata,West Bengal,2020-06-03,Salary,Salaried
1400,Kiran Nair,44,Female,Kolkata,West Bengal,2021-11-01,Salary,Salaried
1401,Swati Patel,50,Female,Delhi,Delhi,2024-06-17,Salary,Self-Employed
1402,Arjun Mishra,34,Female,Chennai,Tamil Nadu,2021-10-23,Current,Student
1403,Ritu Gupta,57,Female,Pune,Maharashtra,2023-10-29,Savings,Salaried
1404,Sneha Dubey,22,Male,Bangalore,Karnataka,2022-06-22,Current,Salaried
1405,Meena Joshi,29,Female,Bangalore,Karnataka,2024-11-25,Current,Salaried
1406,Sanjay Malhotra,37,Male,Pune,Maharashtra,2023-09-22,Salary,Business
1407,Priya Kapoor,40,Male,Ahmedabad,Gujarat,2023-09-04,Savings,Salaried
1408,Rahul Joshi,51,Male,Bangalore,Karnataka,2023-04-30,Savings,Self-Employed
1409,Rahul Sharma,42,Male,Ahmedabad,Gujarat,2023-11-22,Savings,Self-Employed
1410,Amit Rao,45,Male,Bhopal,Madhya Pradesh,2024-07-08,Savings,Salaried
1411,Rohit Malhotra,40,Male,Ahmedabad,Gujarat,2024-05-03,Savings,Business
1412,Amit Sharma,60,Male,Kolkata,West Bengal,2021-12-20,Salary,Business
1413,Sanjay Gupta,47,Female,Hyderabad,Telangana,2020-06-26,Savings,Business
1414,Sneha Kapoor,43,Female,Pune,Maharashtra,2024-06-08,Savings,Business
1415,Suresh Patel,36,Female,Bhopal,Madhya Pradesh,2020-02-24,Salary,Student
1416,Arjun Joshi,46,Female,Chandigarh,Punjab,2020-04-21,Savings,Self-Employed
1417,Kiran Singh,36,Female,Chandigarh,Punjab,2023-05-01,Savings,Salaried
1418,Anita Reddy,29,Female,Lucknow,Uttar Pradesh,2022-05-11,Current,Business
1419,Sunita Patel,22,Male,Mumbai,Maharashtra,2021-06-20,Savings,Salaried
1420,Priya Kapoor,53,Female,Chandigarh,Punjab,2023-12-30,Salary,Self-Employed
1421,Meena Kapoor,26,Male,Chennai,Tamil Nadu,2020-06-20,Current,Salaried
1422,Aakash Joshi,30,Female,Ahmedabad,Gujarat,2023-04-16,Salary,Salaried
1423,Kavya Mishra,36,Male,Hyderabad,Telangana,2020-06-25,Current,Salaried
1424,Deepak Verma,40,Male,Delhi,Delhi,2020-01-26,Salary,Business
1425,Nikhil Sharma,31,Female,Pune,Maharashtra,2022-12-07,Salary,Student
1426,Pooja Malhotra,29,Female,Bhopal,Madhya Pradesh,2024-12-20,Savings,Salaried
1427,Rohit Mishra,38,Male,Chennai,Tamil Nadu,2023-12-29,Salary,Salaried
1428,Sunita Dubey,53,Female,Mumbai,Maharashtra,2022-10-20,Salary,Business
1429,Anita Mehta,37,Male,Lucknow,Uttar Pradesh,2023-10-12,Salary,Salaried
1430,Neha Sharma,23,Male,Hyderabad,Telangana,2020-04-04,Current,Student
1431,Kiran Gupta,32,Male,Jaipur,Rajasthan,2024-07-02,Salary,Self-Employed
1432,Neha Reddy,36,Female,Bhopal,Madhya Pradesh,2021-10-17,Current,Salaried
1433,Manish Malhotra,28,Male,Bangalore,Karnataka,2021-04-02,Salary,Salaried
1434,Kiran Patel,50,Female,Chennai,Tamil Nadu,2021-11-01,Savings,Self-Employed
1435,Rahul Malhotra,33,Female,Lucknow,Uttar Pradesh,2024-05-25,Current,Business
1436,Deepak Malhotra,58,Female,Hyderabad,Telangana,2024-02-09,Salary,Business
1437,Vikram Sharma,47,Male,Hyderabad,Telangana,2023-01-14,Current,Salaried
1438,Rohit Sharma,45,Female,Delhi,Delhi,2021-02-24,Salary,Business
1439,Meena Tiwari,24,Male,Bhopal,Madhya Pradesh,2021-07-27,Savings,Salaried
1440,Neha Mishra,44,Female,Bhopal,Madhya Pradesh,2020-06-22,Salary,Salaried
1441,Aakash Gupta,46,Male,Lucknow,Uttar Pradesh,2023-03-08,Savings,Self-Employed
1442,Rekha Gupta,36,Female,Chennai,Tamil Nadu,2024-10-08,Current,Self-Employed
1443,Nikhil Reddy,41,Female,Chennai,Tamil Nadu,2021-04-23,Savings,Business
1444,Vikram Singh,30,Male,Bangalore,Karnataka,2022-07-09,Current,Student
1445,Meena Singh,55,Female,Hyderabad,Telangana,2022-07-14,Current,Self-Employed
1446,Suresh Singh,26,Male,Chandigarh,Punjab,2021-09-15,Salary,Salaried
1447,Arjun Reddy,30,Male,Bhopal,Madhya Pradesh,2021-05-23,Current,Self-Employed
1448,Aakash Verma,40,Female,Bangalore,Karnataka,2020-03-04,Current,Self-Employed
1449,Ritu Rao,27,Female,Delhi,Delhi,2024-07-04,Savings,Salaried
1450,Rahul Verma,35,Male,Hyderabad,Telangana,2024-08-13,Current,Student
1451,Rekha Patel,58,Female,Delhi,Delhi,2020-02-14,Savings,Business
1452,Sanjay Dubey,29,Male,Pune,Maharashtra,2020-09-07,Savings,Self-Employed
1453,Priya Mehta,57,Female,Bhopal,Madhya Pradesh,2022-03-19,Current,Salaried
1454,Kiran Mishra,32,Female,Hyderabad,Telangana,2021-01-18,Current,Student
1455,Deepak Gupta,23,Male,Chandigarh,Punjab,2021-08-27,Current,Self-Employed
1456,Ritu Tiwari,24,Male,Chennai,Tamil Nadu,2022-02-23,Savings,Self-Employed
1457,Arjun Rao,55,Male,Ahmedabad,Gujarat,2024-05-20,Salary,Student
1458,Sunita Tiwari,43,Female,Ahmedabad,Gujarat,2021-07-07,Savings,Salaried
1459,Rohit Rao,22,Female,Mumbai,Maharashtra,2024-07-14,Current,Student
1460,Manish Rao,31,Male,Hyderabad,Telangana,2023-09-07,Savings,Student
1461,Ritu Verma,35,Female,Pune,Maharashtra,2024-09-14,Savings,Business
1462,Neha Reddy,43,Male,Bhopal,Madhya Pradesh,2023-12-05,Current,Business
1463,Manish Joshi,52,Female,Bangalore,Karnataka,2022-10-01,Savings,Salaried
1464,Priya Rao,59,Male,Mumbai,Maharashtra,2022-12-14,Current,Salaried
1465,Rohit Joshi,29,Female,Bhopal,Madhya Pradesh,2020-12-29,Current,Salaried
1466,Rahul Gupta,58,Male,Delhi,Delhi,2024-09-29,Salary,Student
1467,Amit Malhotra,46,Male,Pune,Maharashtra,2021-09-10,Current,Business
1468,Pooja Mishra,52,Female,Bangalore,Karnataka,2023-12-19,Salary,Student
1469,Neha Mehta,45,Female,Bhopal,Madhya Pradesh,2023-11-11,Current,Business
1470,Pooja Sharma,57,Female,Lucknow,Uttar Pradesh,2020-03-07,Savings,Student
1471,Divya Rao,57,Male,Kolkata,West Bengal,2020-10-15,Current,Salaried
1472,Neha Malhotra,41,Male,Chandigarh,Punjab,2024-12-18,Savings,Student
1473,Deepak Sharma,37,Male,Hyderabad,Telangana,2023-11-20,Savings,Student
1474,Suresh Singh,21,Male,Ahmedabad,Gujarat,2022-06-16,Salary,Self-Employed
1475,Pooja Mishra,52,Female,Pune,Maharashtra,2023-01-23,Current,Salaried
1476,Sunita Rao,31,Female,Delhi,Delhi,2024-06-24,Savings,Student
1477,Rahul Reddy,37,Male,Delhi,Delhi,2021-12-01,Savings,Self-Employed
1478,Pooja Patel,56,Male,Pune,Maharashtra,2023-05-01,Salary,Self-Employed
1479,Nikhil Sharma,48,Male,Lucknow,Uttar Pradesh,2024-12-27,Current,Business
1480,Priya Singh,42,Male,Hyderabad,Telangana,2022-04-18,Salary,Student
1481,Rekha Iyer,40,Male,Delhi,Delhi,2020-04-11,Current,Self-Employed
1482,Vikram Verma,44,Male,Ahmedabad,Gujarat,2020-06-28,Current,Self-Employed
1483,Arjun Singh,22,Male,Bangalore,Karnataka,2023-07-31,Current,Salaried
1484,Sunita Singh,40,Female,Kolkata,West Bengal,2022-09-28,Salary,Student
1485,Amit Kapoor,32,Female,Ahmedabad,Gujarat,2022-01-26,Savings,Self-Employed
1486,Priya Nair,49,Female,Chennai,Tamil Nadu,2021-04-08,Current,Salaried
1487,Vikram Singh,26,Female,Jaipur,Rajasthan,2022-04-27,Salary,Business
1488,Ritu Verma,45,Female,Jaipur,Rajasthan,2023-11-08,Current,Business
1489,Sunita Iyer,26,Female,Bhopal,Madhya Pradesh,2020-03-12,Salary,Business
1490,Sneha Dubey,32,Male,Hyderabad,Telangana,2024-07-13,Savings,Business
1491,Priya Mishra,26,Female,Hyderabad,Telangana,2024-08-11,Salary,Business
1492,Divya Nair,41,Male,Delhi,Delhi,2022-03-05,Salary,Self-Employed
1493,Ritu Reddy,38,Female,Mumbai,Maharashtra,2024-05-29,Salary,Self-Employed
1494,Sneha Mishra,30,Male,Lucknow,Uttar Pradesh,2023-04-19,Salary,Salaried
1495,Sneha Singh,39,Female,Ahmedabad,Gujarat,2021-06-24,Current,Self-Employed
1496,Manish Tiwari,23,Male,Chennai,Tamil Nadu,2022-04-05,Savings,Self-Employed
1497,Priya Kapoor,42,Male,Mumbai,Maharashtra,2024-03-07,Current,Student
1498,Anita Sharma,42,Female,Chennai,Tamil Nadu,2021-07-28,Current,Salaried
1499,Neha Gupta,40,Female,Pune,Maharashtra,2021-07-05,Salary,Self-Employed
1500,Divya Patel,33,Female,Hyderabad,Telangana,2024-08-14,Current,Self-Employed
1501,Aakash Malhotra,24,Male,Delhi,Delhi,2021-09-29,Salary,Self-Employed
1502,Vikram Sharma,32,Male,Hyderabad,Telangana,2024-09-10,Savings,Business
1503,Priya Dubey,24,Female,Bhopal,Madhya Pradesh,2021-02-11,Current,Student
1504,Deepak Kapoor,28,Male,Hyderabad,Telangana,2022-02-01,Current,Self-Employed
1505,Pooja Tiwari,58,Female,Pune,Maharashtra,2020-11-30,Current,Salaried
1506,Kavya Sharma,45,Male,Bangalore,Karnataka,2024-10-14,Salary,Business
1507,Neha Rao,34,Female,Chandigarh,Punjab,2022-04-18,Salary,Salaried
1508,Rekha Sharma,51,Male,Chandigarh,Punjab,2020-12-20,Salary,Salaried
1509,Neha Nair,59,Female,Bhopal,Madhya Pradesh,2023-12-23,Salary,Student
1510,Meena Kapoor,43,Female,Chennai,Tamil Nadu,2021-03-22,Current,Student
1511,Rekha Kapoor,58,Male,Mumbai,Maharashtra,2022-11-13,Salary,Student
1512,Ritu Iyer,40,Male,Kolkata,West Bengal,2020-05-10,Current,Student
1513,Sanjay Reddy,38,Female,Chandigarh,Punjab,2023-12-27,Salary,Student
1514,Arjun Gupta,54,Male,Mumbai,Maharashtra,2024-07-07,Salary,Self-Employed
1515,Rekha Reddy,29,Male,Chandigarh,Punjab,2022-10-15,Current,Student
1516,Meena Kapoor,45,Male,Lucknow,Uttar Pradesh,2023-12-21,Salary,Business
1517,Rohit Rao,55,Female,Chandigarh,Punjab,2022-01-04,Salary,Student
1518,Pooja Mehta,39,Male,Kolkata,West Bengal,2020-09-19,Salary,Student
1519,Swati Mehta,42,Male,Hyderabad,Telangana,2021-12-28,Savings,Student
1520,Meena Reddy,44,Female,Lucknow,Uttar Pradesh,2021-08-25,Current,Salaried
1521,Sunita Verma,58,Male,Kolkata,West Bengal,2024-12-26,Savings,Salaried
1522,Rekha Kapoor,54,Female,Ahmedabad,Gujarat,2020-04-20,Savings,Business
1523,Arjun Reddy,47,Female,Bangalore,Karnataka,2021-10-09,Salary,Business
1524,Amit Tiwari,42,Male,Pune,Maharashtra,2023-07-23,Savings,Salaried
1525,Deepak Nair,34,Male,Lucknow,Uttar Pradesh,2024-04-14,Savings,Self-Employed
1526,Amit Gupta,60,Female,Chandigarh,Punjab,2022-05-29,Current,Self-Employed
1527,Sunita Kapoor,21,Male,Jaipur,Rajasthan,2021-02-12,Salary,Student
1528,Rahul Reddy,54,Male,Mumbai,Maharashtra,2023-10-17,Savings,Business
1529,Neha Malhotra,40,Male,Delhi,Delhi,2022-02-24,Salary,Student
1530,Pooja Patel,23,Female,Chennai,Tamil Nadu,2022-07-22,Salary,Student
1531,Meena Gupta,42,Female,Pune,Maharashtra,2024-03-16,Savings,Business
1532,Kiran Sharma,35,Male,Bhopal,Madhya Pradesh,2020-09-25,Savings,Salaried
1533,Manish Mehta,28,Female,Bhopal,Madhya Pradesh,2023-08-25,Savings,Self-Employed
1534,Sanjay Nair,55,Male,Lucknow,Uttar Pradesh,2020-04-08,Salary,Salaried
1535,Sanjay Sharma,24,Male,Ahmedabad,Gujarat,2022-06-28,Current,Salaried
1536,Ritu Nair,51,Male,Hyderabad,Telangana,2023-11-24,Salary,Salaried
1537,Kavya Mishra,27,Female,Lucknow,Uttar Pradesh,2023-05-25,Salary,Business
1538,Meena Singh,53,Male,Chennai,Tamil Nadu,2020-08-21,Savings,Self-Employed
1539,Arjun Joshi,37,Male,Pune,Maharashtra,2023-12-11,Current,Student
1540,Pooja Verma,56,Female,Hyderabad,Telangana,2023-11-10,Current,Student
1541,Neha Sharma,21,Male,Delhi,Delhi,2024-09-06,Salary,Self-Employed
1542,Vikram Patel,53,Male,Bhopal,Madhya Pradesh,2024-01-21,Savings,Student
1543,Sanjay Rao,50,Female,Chennai,Tamil Nadu,2022-08-08,Savings,Salaried
1544,Pooja Verma,39,Female,Chandigarh,Punjab,2021-10-02,Current,Salaried
1545,Sneha Verma,21,Male,Chandigarh,Punjab,2023-08-18,Savings,Student
1546,Anita Dubey,60,Female,Bhopal,Madhya Pradesh,2020-07-09,Current,Student
1547,Pooja Singh,46,Female,Kolkata,West Bengal,2021-07-10,Current,Self-Employed
1548,Meena Mehta,28,Male,Bhopal,Madhya Pradesh,2024-01-27,Savings,Business
1549,Sneha Mishra,58,Female,Lucknow,Uttar Pradesh,2023-10-21,Current,Business
1550,Divya Kapoor,43,Male,Chandigarh,Punjab,2024-12-07,Salary,Business
1551,Sunita Tiwari,28,Female,Kolkata,West Bengal,2020-04-04,Savings,Student
1552,Sanjay Reddy,21,Male,Chandigarh,Punjab,2024-11-23,Current,Salaried
1553,Meena Rao,51,Female,Chandigarh,Punjab,2023-10-17,Salary,Self-Employed
1554,Vikram Verma,21,Male,Jaipur,Rajasthan,2024-10-04,Current,Self-Employed
1555,Pooja Patel,52,Female,Hyderabad,Telangana,2021-11-08,Current,Salaried
1556,Aakash Rao,56,Female,Ahmedabad,Gujarat,2024-07-31,Savings,Salaried
1557,Deepak Dubey,57,Female,Delhi,Delhi,2024-10-20,Current,Self-Employed
1558,Rohit Singh,52,Male,Delhi,Delhi,2022-04-06,Current,Salaried
1559,Ritu Sharma,26,Female,Jaipur,Rajasthan,2023-02-25,Savings,Self-Employed
1560,Rohit Malhotra,24,Male,Kolkata,West Bengal,2021-11-10,Salary,Self-Employed
1561,Nikhil Malhotra,49,Male,Delhi,Delhi,2024-04-04,Salary,Business
1562,Rahul Reddy,43,Female,Jaipur,Rajasthan,2022-12-05,Current,Salaried
1563,Priya Mehta,52,Male,Bhopal,Madhya Pradesh,2024-02-29,Salary,Self-Employed
1564,Sneha Nair,60,Male,Hyderabad,Telangana,2020-09-04,Current,Business
1565,Deepak Joshi,42,Male,Ahmedabad,Gujarat,2020-04-05,Salary,Salaried
1566,Deepak Dubey,58,Male,Kolkata,West Bengal,2020-01-09,Salary,Salaried
1567,Ritu Mishra,58,Female,Jaipur,Rajasthan,2024-05-18,Savings,Business
1568,Swati Gupta,27,Female,Chandigarh,Punjab,2023-05-14,Salary,Student
1569,Aakash Kapoor,47,Male,Chennai,Tamil Nadu,2022-03-25,Current,Student
1570,Deepak Gupta,29,Female,Lucknow,Uttar Pradesh,2023-12-04,Salary,Student
1571,Nikhil Reddy,56,Male,Hyderabad,Telangana,2021-03-05,Salary,Student
1572,Rekha Malhotra,29,Male,Jaipur,Rajasthan,2023-01-16,Salary,Student
1573,Nikhil Singh,43,Female,Lucknow,Uttar Pradesh,2023-03-14,Salary,Self-Employed
1574,Rekha Iyer,48,Male,Jaipur,Rajasthan,2020-08-06,Savings,Self-Employed
1575,Vikram Verma,24,Male,Chennai,Tamil Nadu,2024-03-16,Savings,Student
1576,Rekha Nair,30,Male,Bhopal,Madhya Pradesh,2024-05-25,Current,Business
1577,Ritu Verma,43,Female,Delhi,Delhi,2023-06-15,Salary,Business
1578,Swati Kapoor,36,Female,Bhopal,Madhya Pradesh,2023-09-22,Savings,Self-Employed
1579,Kiran Mishra,41,Male,Mumbai,Maharashtra,2024-03-03,Current,Business
1580,Divya Dubey,35,Female,Lucknow,Uttar Pradesh,2023-01-24,Salary,Business
1581,Swati Joshi,39,Female,Bangalore,Karnataka,2023-10-30,Savings,Business
1582,Pooja Singh,45,Male,Ahmedabad,Gujarat,2021-07-25,Salary,Student
1583,Vikram Mehta,58,Female,Mumbai,Maharashtra,2021-11-07,Current,Business
1584,Priya Gupta,41,Male,Chandigarh,Punjab,2023-06-14,Salary,Student
1585,Sunita Malhotra,25,Female,Jaipur,Rajasthan,2021-03-26,Savings,Salaried
1586,Aakash Mehta,47,Female,Delhi,Delhi,2021-12-16,Savings,Business
1587,Rekha Reddy,42,Female,Chennai,Tamil Nadu,2021-03-23,Salary,Self-Employed
1588,Ritu Sharma,28,Female,Kolkata,West Bengal,2021-05-07,Salary,Business
1589,Priya Reddy,45,Male,Ahmedabad,Gujarat,2021-06-09,Salary,Student
1590,Rahul Malhotra,53,Female,Kolkata,West Bengal,2020-03-30,Current,Business
1591,Rohit Patel,27,Male,Jaipur,Rajasthan,2022-12-28,Savings,Salaried
1592,Arjun Joshi,48,Male,Hyderabad,Telangana,2023-01-06,Salary,Self-Employed
1593,Sanjay Patel,30,Male,Kolkata,West Bengal,2024-01-08,Current,Salaried
1594,Amit Patel,24,Male,Chennai,Tamil Nadu,2023-02-16,Savings,Business
1595,Suresh Mishra,45,Female,Chandigarh,Punjab,2022-04-08,Current,Student
1596,Rahul Kapoor,28,Male,Chandigarh,Punjab,2024-01-15,Salary,Salaried
1597,Swati Verma,25,Female,Jaipur,Rajasthan,2020-08-05,Current,Student
1598,Divya Patel,39,Female,Ahmedabad,Gujarat,2022-03-20,Salary,Salaried
1599,Sunita Mehta,55,Male,Bangalore,Karnataka,2024-03-09,Current,Student
1600,Sanjay Gupta,40,Female,Mumbai,Maharashtra,2023-02-07,Salary,Business
1601,Sneha Verma,21,Female,Jaipur,Rajasthan,2023-01-26,Savings,Student
1602,Arjun Malhotra,34,Female,Chandigarh,Punjab,2024-10-09,Salary,Business
1603,Pooja Mehta,35,Female,Hyderabad,Telangana,2020-08-22,Savings,Salaried
1604,Ritu Dubey,56,Male,Chennai,Tamil Nadu,2023-10-07,Savings,Student
1605,Sneha Joshi,58,Female,Pune,Maharashtra,2022-01-01,Savings,Business
1606,Sneha Iyer,60,Male,Hyderabad,Telangana,2021-10-12,Current,Self-Employed
1607,Rohit Iyer,58,Male,Lucknow,Uttar Pradesh,2023-03-06,Current,Student
1608,Meena Mehta,21,Female,Hyderabad,Telangana,2024-05-28,Savings,Self-Employed
1609,Suresh Malhotra,29,Female,Kolkata,West Bengal,2022-08-05,Current,Student
1610,Kavya Tiwari,56,Male,Bangalore,Karnataka,2023-08-15,Salary,Salaried
1611,Suresh Gupta,55,Male,Chennai,Tamil Nadu,2024-02-11,Salary,Salaried
1612,Swati Patel,22,Male,Lucknow,Uttar Pradesh,2023-03-31,Current,Business
1613,Priya Nair,55,Female,Chandigarh,Punjab,2024-05-06,Savings,Student
1614,Kiran Rao,58,Female,Bangalore,Karnataka,2022-08-09,Salary,Salaried
1615,Kiran Malhotra,53,Male,Chandigarh,Punjab,2021-05-04,Salary,Business
1616,Aakash Gupta,49,Male,Bangalore,Karnataka,2023-03-05,Salary,Business
1617,Swati Tiwari,43,Male,Hyderabad,Telangana,2024-04-08,Current,Business
1618,Amit Nair,44,Male,Mumbai,Maharashtra,2023-10-01,Savings,Student
1619,Kiran Tiwari,50,Male,Mumbai,Maharashtra,2023-08-21,Current,Salaried
1620,Nikhil Nair,37,Male,Ahmedabad,Gujarat,2023-08-31,Current,Student
1621,Manish Patel,54,Female,Ahmedabad,Gujarat,2021-04-01,Salary,Self-Employed
1622,Anita Malhotra,52,Female,Lucknow,Uttar Pradesh,2020-01-14,Salary,Business
1623,Deepak Mehta,35,Male,Jaipur,Rajasthan,2023-08-10,Current,Business
1624,Vikram Mehta,31,Female,Lucknow,Uttar Pradesh,2024-01-09,Savings,Business
1625,Meena Reddy,28,Female,Chandigarh,Punjab,2022-09-07,Current,Business
1626,Manish Mehta,47,Male,Hyderabad,Telangana,2020-03-29,Savings,Business
1627,Vikram Verma,57,Male,Mumbai,Maharashtra,2020-12-06,Current,Business
1628,Aakash Kapoor,59,Male,Bhopal,Madhya Pradesh,2024-01-30,Salary,Student
1629,Amit Joshi,49,Female,Kolkata,West Bengal,2020-12-15,Savings,Self-Employed
1630,Divya Gupta,58,Male,Lucknow,Uttar Pradesh,2023-09-12,Salary,Student
1631,Pooja Reddy,50,Male,Hyderabad,Telangana,2022-02-13,Current,Business
1632,Sneha Sharma,33,Female,Bangalore,Karnataka,2023-05-25,Savings,Business
1633,Sunita Verma,55,Male,Delhi,Delhi,2022-09-14,Salary,Business
1634,Divya Sharma,48,Female,Pune,Maharashtra,2024-11-26,Savings,Self-Employed
1635,Neha Tiwari,45,Female,Lucknow,Uttar Pradesh,2024-07-05,Salary,Salaried
1636,Meena Gupta,37,Female,Hyderabad,Telangana,2024-10-25,Savings,Student
1637,Divya Mishra,37,Male,Mumbai,Maharashtra,2023-12-23,Salary,Salaried
1638,Manish Singh,54,Male,Ahmedabad,Gujarat,2023-09-02,Savings,Student
1639,Meena Malhotra,27,Male,Ahmedabad,Gujarat,2023-08-27,Salary,Student
1640,Suresh Mishra,57,Female,Lucknow,Uttar Pradesh,2021-07-18,Salary,Self-Employed
1641,Arjun Mishra,56,Female,Bangalore,Karnataka,2022-01-28,Salary,Self-Employed
1642,Suresh Iyer,57,Female,Bhopal,Madhya Pradesh,2022-03-26,Salary,Business
1643,Rekha Singh,35,Female,Bhopal,Madhya Pradesh,2020-11-27,Savings,Business
1644,Aakash Kapoor,42,Male,Bangalore,Karnataka,2022-03-07,Salary,Salaried
1645,Amit Gupta,51,Female,Delhi,Delhi,2020-05-11,Current,Business
1646,Anita Patel,59,Male,Bhopal,Madhya Pradesh,2022-02-26,Current,Student
1647,Nikhil Verma,32,Female,Kolkata,West Bengal,2020-01-22,Savings,Student
1648,Arjun Verma,59,Male,Lucknow,Uttar Pradesh,2020-12-13,Salary,Salaried
1649,Anita Rao,21,Male,Delhi,Delhi,2021-07-19,Current,Student
1650,Rekha Kapoor,46,Male,Jaipur,Rajasthan,2020-02-01,Salary,Salaried
1651,Amit Iyer,56,Female,Pune,Maharashtra,2024-07-28,Current,Business
1652,Divya Joshi,50,Female,Lucknow,Uttar Pradesh,2020-01-10,Current,Business
1653,Meena Singh,56,Male,Jaipur,Rajasthan,2021-08-25,Current,Salaried
1654,Aakash Nair,55,Female,Bhopal,Madhya Pradesh,2022-06-25,Current,Self-Employed
1655,Neha Reddy,50,Female,Lucknow,Uttar Pradesh,2024-10-31,Savings,Self-Employed
1656,Sneha Nair,25,Female,Chandigarh,Punjab,2024-06-03,Savings,Business
1657,Rohit Mishra,43,Male,Bhopal,Madhya Pradesh,2024-08-31,Current,Business
1658,Kavya Patel,46,Female,Delhi,Delhi,2023-02-09,Savings,Self-Employed
1659,Rohit Malhotra,34,Female,Bangalore,Karnataka,2024-03-08,Salary,Business
1660,Sunita Joshi,36,Male,Chennai,Tamil Nadu,2021-02-27,Savings,Business
1661,Neha Malhotra,30,Male,Delhi,Delhi,2020-06-09,Salary,Self-Employed
1662,Divya Sharma,55,Male,Kolkata,West Bengal,2022-01-30,Salary,Student
1663,Sunita Nair,52,Male,Jaipur,Rajasthan,2021-07-27,Current,Business
1664,Manish Gupta,24,Female,Kolkata,West Bengal,2023-01-12,Savings,Student
1665,Kiran Mehta,50,Male,Bhopal,Madhya Pradesh,2022-11-27,Current,Student
1666,Nikhil Sharma,21,Male,Ahmedabad,Gujarat,2023-04-04,Savings,Student
1667,Anita Nair,32,Female,Hyderabad,Telangana,2021-07-05,Current,Student
1668,Anita Mehta,52,Female,Hyderabad,Telangana,2022-05-08,Salary,Student
1669,Anita Kapoor,38,Female,Bangalore,Karnataka,2023-03-16,Savings,Business
1670,Sneha Nair,36,Female,Ahmedabad,Gujarat,2021-02-05,Savings,Business
1671,Sunita Sharma,32,Female,Kolkata,West Bengal,2020-10-02,Salary,Student
1672,Sunita Iyer,37,Male,Ahmedabad,Gujarat,2020-07-21,Salary,Business
1673,Priya Joshi,37,Female,Chandigarh,Punjab,2020-07-16,Current,Student
1674,Suresh Malhotra,44,Female,Pune,Maharashtra,2020-02-10,Current,Salaried
1675,Anita Joshi,57,Male,Chennai,Tamil Nadu,2021-12-28,Current,Self-Employed
1676,Swati Dubey,26,Female,Lucknow,Uttar Pradesh,2021-08-09,Current,Business
1677,Pooja Reddy,47,Female,Delhi,Delhi,2020-06-11,Savings,Student
1678,Neha Reddy,41,Female,Bhopal,Madhya Pradesh,2021-07-01,Salary,Self-Employed
1679,Suresh Dubey,44,Female,Ahmedabad,Gujarat,2020-12-08,Savings,Salaried
1680,Vikram Rao,37,Male,Hyderabad,Telangana,2020-12-07,Current,Salaried
1681,Sneha Patel,51,Male,Mumbai,Maharashtra,2024-04-27,Current,Salaried
1682,Sneha Nair,60,Male,Delhi,Delhi,2023-09-03,Current,Student
1683,Neha Rao,39,Female,Chandigarh,Punjab,2020-09-15,Savings,Business
1684,Rahul Verma,43,Female,Kolkata,West Bengal,2022-08-14,Salary,Student
1685,Ritu Dubey,29,Male,Lucknow,Uttar Pradesh,2023-05-08,Current,Self-Employed
1686,Aakash Iyer,43,Female,Jaipur,Rajasthan,2021-04-10,Savings,Self-Employed
1687,Kavya Malhotra,47,Female,Bangalore,Karnataka,2021-09-13,Savings,Salaried
1688,Aakash Gupta,43,Female,Kolkata,West Bengal,2022-12-31,Savings,Self-Employed
1689,Sunita Iyer,21,Female,Chennai,Tamil Nadu,2023-05-07,Savings,Salaried
1690,Ritu Malhotra,33,Female,Jaipur,Rajasthan,2022-06-14,Current,Business
1691,Pooja Kapoor,45,Male,Chennai,Tamil Nadu,2020-06-11,Current,Business
1692,Aakash Nair,39,Female,Ahmedabad,Gujarat,2021-01-20,Savings,Business
1693,Vikram Iyer,28,Female,Lucknow,Uttar Pradesh,2022-07-16,Current,Self-Employed
1694,Arjun Reddy,22,Male,Mumbai,Maharashtra,2022-12-31,Savings,Business
1695,Sneha Iyer,38,Male,Bhopal,Madhya Pradesh,2022-06-16,Salary,Salaried
1696,Neha Patel,30,Male,Kolkata,West Bengal,2021-03-20,Current,Self-Employed
1697,Kavya Tiwari,44,Female,Bhopal,Madhya Pradesh,2024-06-08,Savings,Student
1698,Amit Gupta,24,Female,Ahmedabad,Gujarat,2020-05-26,Salary,Self-Employed
1699,Pooja Joshi,37,Female,Mumbai,Maharashtra,2020-09-06,Salary,Business
1700,Kiran Dubey,36,Male,Hyderabad,Telangana,2022-08-01,Salary,Salaried
1701,Aakash Joshi,51,Female,Chandigarh,Punjab,2021-10-01,Current,Business
1702,Sanjay Verma,56,Male,Chennai,Tamil Nadu,2022-09-12,Salary,Student
1703,Arjun Malhotra,24,Male,Delhi,Delhi,2021-04-28,Salary,Self-Employed
1704,Rohit Sharma,31,Female,Lucknow,Uttar Pradesh,2020-09-02,Current,Business
1705,Rahul Verma,58,Female,Bhopal,Madhya Pradesh,2023-05-06,Savings,Student
1706,Amit Rao,31,Female,Delhi,Delhi,2023-11-05,Salary,Student
1707,Sanjay Verma,24,Female,Chandigarh,Punjab,2020-11-11,Salary,Salaried
1708,Vikram Tiwari,35,Female,Jaipur,Rajasthan,2024-06-02,Salary,Student
1709,Deepak Joshi,22,Female,Pune,Maharashtra,2024-01-23,Savings,Student
1710,Priya Tiwari,49,Female,Jaipur,Rajasthan,2023-11-28,Current,Business
1711,Manish Mehta,55,Female,Pune,Maharashtra,2024-02-08,Current,Student
1712,Divya Mehta,25,Male,Kolkata,West Bengal,2021-08-28,Current,Student
1713,Deepak Sharma,53,Female,Bhopal,Madhya Pradesh,2021-01-14,Savings,Student
1714,Divya Rao,41,Male,Chandigarh,Punjab,2023-01-08,Current,Business
1715,Aakash Tiwari,56,Male,Lucknow,Uttar Pradesh,2021-08-02,Current,Self-Employed
1716,Sanjay Reddy,28,Male,Jaipur,Rajasthan,2023-09-11,Savings,Salaried
1717,Vikram Mehta,23,Male,Delhi,Delhi,2022-09-21,Savings,Salaried
1718,Priya Kapoor,52,Female,Mumbai,Maharashtra,2022-01-20,Savings,Salaried
1719,Rahul Joshi,52,Male,Kolkata,West Bengal,2024-06-28,Salary,Salaried
1720,Anita Mishra,44,Male,Lucknow,Uttar Pradesh,2021-06-28,Salary,Salaried
1721,Swati Patel,40,Male,Hyderabad,Telangana,2022-11-29,Savings,Salaried
1722,Swati Rao,55,Female,Hyderabad,Telangana,2021-01-30,Salary,Business
1723,Manish Mehta,56,Female,Bhopal,Madhya Pradesh,2020-08-04,Salary,Student
1724,Rekha Dubey,48,Male,Bangalore,Karnataka,2024-06-10,Savings,Self-Employed
1725,Aakash Reddy,31,Female,Pune,Maharashtra,2021-10-07,Salary,Student
1726,Anita Mishra,48,Female,Lucknow,Uttar Pradesh,2021-05-07,Salary,Business
1727,Kiran Nair,44,Female,Kolkata,West Bengal,2022-03-24,Savings,Salaried
1728,Kavya Sharma,54,Male,Chennai,Tamil Nadu,2020-01-14,Current,Business
1729,Arjun Reddy,22,Female,Jaipur,Rajasthan,2022-11-13,Salary,Business
1730,Sneha Verma,50,Female,Bangalore,Karnataka,2020-10-10,Current,Student
1731,Manish Rao,35,Female,Chennai,Tamil Nadu,2020-07-07,Salary,Self-Employed
1732,Manish Joshi,25,Female,Kolkata,West Bengal,2020-12-20,Current,Salaried
1733,Divya Iyer,23,Female,Delhi,Delhi,2024-05-16,Savings,Student
1734,Anita Mishra,47,Male,Hyderabad,Telangana,2024-03-11,Salary,Salaried
1735,Sanjay Kapoor,24,Female,Jaipur,Rajasthan,2020-03-25,Current,Business
1736,Rohit Rao,30,Male,Chandigarh,Punjab,2024-02-07,Current,Self-Employed
1737,Divya Patel,35,Female,Chennai,Tamil Nadu,2024-05-29,Current,Business
1738,Vikram Reddy,26,Female,Lucknow,Uttar Pradesh,2024-03-06,Savings,Self-Employed
1739,Suresh Patel,46,Female,Bhopal,Madhya Pradesh,2020-09-24,Savings,Self-Employed
1740,Ritu Joshi,52,Female,Chandigarh,Punjab,2023-03-16,Savings,Business
1741,Neha Patel,38,Female,Pune,Maharashtra,2023-11-03,Salary,Salaried
1742,Sneha Mishra,48,Female,Pune,Maharashtra,2021-01-25,Current,Student
1743,Divya Sharma,40,Male,Pune,Maharashtra,2023-06-16,Current,Business
1744,Deepak Verma,35,Male,Chandigarh,Punjab,2022-02-04,Savings,Salaried
1745,Sneha Verma,36,Male,Chennai,Tamil Nadu,2020-01-29,Current,Salaried
1746,Kavya Dubey,51,Male,Pune,Maharashtra,2021-03-04,Salary,Business
1747,Arjun Nair,56,Female,Lucknow,Uttar Pradesh,2024-02-03,Savings,Salaried
1748,Kiran Verma,37,Male,Mumbai,Maharashtra,2021-08-04,Savings,Student
1749,Priya Dubey,21,Male,Ahmedabad,Gujarat,2023-09-14,Current,Student
1750,Sneha Sharma,39,Female,Hyderabad,Telangana,2022-02-18,Salary,Salaried
1751,Rohit Tiwari,59,Male,Bangalore,Karnataka,2021-02-11,Salary,Self-Employed
1752,Ritu Sharma,23,Male,Jaipur,Rajasthan,2021-09-16,Current,Self-Employed
1753,Kiran Mehta,22,Female,Chandigarh,Punjab,2021-12-21,Current,Student
1754,Neha Nair,24,Female,Ahmedabad,Gujarat,2024-12-28,Savings,Student
1755,Neha Gupta,42,Female,Chandigarh,Punjab,2020-10-08,Savings,Self-Employed
1756,Aakash Rao,47,Male,Lucknow,Uttar Pradesh,2020-11-08,Current,Student
1757,Divya Reddy,49,Male,Hyderabad,Telangana,2023-08-29,Savings,Business
1758,Vikram Iyer,54,Male,Ahmedabad,Gujarat,2024-04-26,Savings,Business
1759,Rohit Patel,56,Male,Bangalore,Karnataka,2021-10-12,Savings,Salaried
1760,Rohit Mishra,47,Female,Kolkata,West Bengal,2024-03-07,Salary,Student
1761,Vikram Joshi,27,Male,Bangalore,Karnataka,2020-02-23,Salary,Student
1762,Divya Rao,59,Male,Hyderabad,Telangana,2023-11-08,Savings,Student
1763,Amit Tiwari,29,Female,Bhopal,Madhya Pradesh,2023-08-23,Current,Business
1764,Kiran Tiwari,51,Male,Bangalore,Karnataka,2021-01-30,Savings,Salaried
1765,Meena Sharma,38,Female,Hyderabad,Telangana,2024-02-29,Salary,Business
1766,Arjun Patel,32,Female,Lucknow,Uttar Pradesh,2022-09-30,Salary,Student
1767,Deepak Rao,48,Female,Mumbai,Maharashtra,2023-05-30,Salary,Self-Employed
1768,Swati Reddy,46,Male,Jaipur,Rajasthan,2020-08-11,Current,Self-Employed
1769,Priya Rao,54,Female,Bhopal,Madhya Pradesh,2020-03-21,Salary,Self-Employed
1770,Aakash Verma,33,Female,Kolkata,West Bengal,2022-03-26,Current,Student
1771,Deepak Mehta,48,Female,Lucknow,Uttar Pradesh,2020-04-21,Salary,Business
1772,Deepak Dubey,26,Male,Bangalore,Karnataka,2024-05-13,Salary,Business
1773,Kiran Mishra,41,Female,Mumbai,Maharashtra,2021-01-01,Current,Business
1774,Deepak Patel,37,Female,Bhopal,Madhya Pradesh,2023-08-21,Salary,Business
1775,Nikhil Singh,26,Male,Bhopal,Madhya Pradesh,2022-07-09,Salary,Student
1776,Amit Kapoor,53,Male,Ahmedabad,Gujarat,2023-02-01,Current,Salaried
1777,Pooja Reddy,57,Male,Bangalore,Karnataka,2024-11-14,Savings,Business
1778,Nikhil Verma,47,Female,Chennai,Tamil Nadu,2024-02-04,Current,Student
1779,Sanjay Mehta,28,Male,Hyderabad,Telangana,2020-01-08,Salary,Student
1780,Rahul Dubey,52,Female,Jaipur,Rajasthan,2024-07-11,Savings,Self-Employed
1781,Neha Joshi,58,Female,Kolkata,West Bengal,2022-04-19,Current,Salaried
1782,Divya Sharma,36,Female,Lucknow,Uttar Pradesh,2023-07-11,Salary,Business
1783,Priya Mehta,30,Male,Chandigarh,Punjab,2021-12-15,Savings,Business
1784,Priya Iyer,42,Male,Mumbai,Maharashtra,2020-08-11,Current,Business
1785,Pooja Iyer,60,Male,Kolkata,West Bengal,2024-03-14,Salary,Student
1786,Priya Patel,40,Female,Pune,Maharashtra,2022-02-15,Savings,Self-Employed
1787,Ritu Patel,39,Female,Bangalore,Karnataka,2020-09-06,Salary,Student
1788,Rohit Mishra,54,Male,Bhopal,Madhya Pradesh,2021-03-04,Salary,Salaried
1789,Sneha Patel,51,Female,Ahmedabad,Gujarat,2023-05-31,Current,Student
1790,Aakash Malhotra,29,Female,Jaipur,Rajasthan,2024-02-02,Salary,Self-Employed
1791,Sunita Mehta,60,Male,Bhopal,Madhya Pradesh,2021-08-17,Savings,Salaried
1792,Sneha Sharma,50,Male,Bhopal,Madhya Pradesh,2024-10-02,Savings,Self-Employed
1793,Meena Verma,42,Female,Jaipur,Rajasthan,2024-07-08,Salary,Business
1794,Rahul Joshi,39,Female,Delhi,Delhi,2021-09-22,Current,Student
1795,Rahul Singh,42,Female,Ahmedabad,Gujarat,2024-01-23,Salary,Salaried
1796,Pooja Joshi,42,Female,Chandigarh,Punjab,2022-09-08,Current,Salaried
1797,Sanjay Gupta,51,Male,Chandigarh,Punjab,2022-08-01,Salary,Student
1798,Deepak Mishra,24,Female,Lucknow,Uttar Pradesh,2024-01-24,Salary,Student
1799,Ritu Sharma,34,Female,Pune,Maharashtra,2020-05-15,Savings,Student
1800,Rahul Reddy,45,Male,Lucknow,Uttar Pradesh,2023-05-25,Current,Business
1801,Divya Singh,40,Female,Bhopal,Madhya Pradesh,2020-03-05,Current,Self-Employed
1802,Amit Tiwari,36,Female,Kolkata,West Bengal,2024-08-25,Current,Business
1803,Aakash Iyer,32,Male,Pune,Maharashtra,2024-05-26,Savings,Business
1804,Amit Dubey,53,Male,Kolkata,West Bengal,2022-10-21,Savings,Business
1805,Rohit Tiwari,54,Female,Pune,Maharashtra,2020-10-20,Savings,Business
1806,Arjun Verma,50,Female,Bhopal,Madhya Pradesh,2024-11-06,Salary,Salaried
1807,Rahul Iyer,23,Male,Pune,Maharashtra,2022-08-14,Savings,Salaried
1808,Aakash Iyer,22,Female,Chandigarh,Punjab,2021-03-05,Current,Business
1809,Arjun Iyer,38,Female,Kolkata,West Bengal,2023-10-06,Savings,Student
1810,Vikram Mehta,38,Male,Mumbai,Maharashtra,2023-06-29,Salary,Salaried
1811,Arjun Malhotra,56,Female,Chennai,Tamil Nadu,2020-10-16,Salary,Student
1812,Manish Rao,31,Male,Chennai,Tamil Nadu,2023-06-09,Current,Self-Employed
1813,Priya Gupta,22,Female,Chandigarh,Punjab,2020-04-13,Savings,Self-Employed
1814,Priya Patel,48,Female,Bangalore,Karnataka,2023-12-14,Salary,Self-Employed
1815,Divya Malhotra,40,Female,Hyderabad,Telangana,2023-12-31,Salary,Salaried
1816,Deepak Gupta,26,Female,Delhi,Delhi,2022-07-22,Current,Self-Employed
1817,Sunita Rao,35,Male,Lucknow,Uttar Pradesh,2021-06-12,Current,Self-Employed
1818,Pooja Reddy,41,Female,Kolkata,West Bengal,2020-03-02,Savings,Self-Employed
1819,Sneha Malhotra,51,Female,Bangalore,Karnataka,2021-08-01,Current,Business
1820,Aakash Singh,46,Male,Pune,Maharashtra,2023-02-12,Salary,Salaried
1821,Kavya Dubey,46,Female,Hyderabad,Telangana,2023-06-25,Savings,Business
1822,Sunita Kapoor,25,Female,Hyderabad,Telangana,2024-07-24,Salary,Self-Employed
1823,Meena Reddy,55,Male,Bangalore,Karnataka,2023-09-19,Salary,Salaried
1824,Swati Tiwari,28,Female,Pune,Maharashtra,2023-02-10,Savings,Self-Employed
1825,Pooja Iyer,46,Male,Lucknow,Uttar Pradesh,2020-08-10,Salary,Self-Employed
1826,Rohit Tiwari,24,Male,Hyderabad,Telangana,2024-07-31,Savings,Salaried
1827,Vikram Gupta,49,Female,Ahmedabad,Gujarat,2023-06-14,Salary,Self-Employed
1828,Arjun Joshi,41,Female,Lucknow,Uttar Pradesh,2024-06-14,Salary,Student
1829,Meena Malhotra,26,Male,Lucknow,Uttar Pradesh,2022-11-11,Current,Business
1830,Kavya Verma,44,Male,Mumbai,Maharashtra,2023-12-11,Salary,Student
1831,Sneha Iyer,22,Male,Ahmedabad,Gujarat,2023-12-09,Salary,Self-Employed
1832,Sanjay Reddy,45,Female,Ahmedabad,Gujarat,2022-06-10,Salary,Business
1833,Rekha Mehta,51,Male,Hyderabad,Telangana,2023-02-11,Current,Student
1834,Meena Gupta,39,Male,Bangalore,Karnataka,2020-01-24,Savings,Salaried
1835,Vikram Tiwari,48,Male,Delhi,Delhi,2020-10-08,Salary,Self-Employed
1836,Deepak Mishra,60,Male,Kolkata,West Bengal,2022-11-09,Current,Self-Employed
1837,Kiran Malhotra,35,Male,Ahmedabad,Gujarat,2023-05-23,Savings,Self-Employed
1838,Swati Rao,53,Female,Ahmedabad,Gujarat,2023-01-23,Salary,Student
1839,Priya Verma,57,Female,Bhopal,Madhya Pradesh,2022-01-24,Savings,Self-Employed
1840,Nikhil Patel,30,Female,Kolkata,West Bengal,2022-11-24,Savings,Salaried
1841,Neha Tiwari,25,Female,Lucknow,Uttar Pradesh,2020-04-18,Current,Salaried
1842,Sunita Dubey,53,Female,Lucknow,Uttar Pradesh,2024-02-11,Current,Self-Employed
1843,Anita Iyer,39,Male,Mumbai,Maharashtra,2023-11-24,Salary,Student
1844,Swati Nair,24,Female,Lucknow,Uttar Pradesh,2020-12-12,Salary,Salaried
1845,Rekha Iyer,60,Male,Chennai,Tamil Nadu,2022-09-19,Savings,Business
1846,Aakash Patel,38,Female,Bangalore,Karnataka,2023-06-15,Current,Student
1847,Suresh Sharma,28,Male,Lucknow,Uttar Pradesh,2024-02-22,Savings,Self-Employed
1848,Anita Mehta,37,Male,Kolkata,West Bengal,2021-01-05,Salary,Salaried
1849,Rohit Patel,30,Male,Kolkata,West Bengal,2024-03-21,Current,Self-Employed
1850,Neha Dubey,31,Male,Lucknow,Uttar Pradesh,2024-02-12,Current,Salaried
1851,Sanjay Nair,28,Male,Bangalore,Karnataka,2022-08-08,Current,Self-Employed
1852,Kavya Tiwari,55,Male,Ahmedabad,Gujarat,2023-10-31,Salary,Self-Employed
1853,Sunita Nair,30,Female,Mumbai,Maharashtra,2021-08-14,Current,Self-Employed
1854,Rekha Reddy,54,Male,Delhi,Delhi,2022-12-24,Salary,Student
1855,Meena Nair,42,Female,Chennai,Tamil Nadu,2024-07-01,Savings,Student
1856,Sanjay Kapoor,50,Male,Bhopal,Madhya Pradesh,2023-10-08,Salary,Business
1857,Aakash Reddy,32,Female,Jaipur,Rajasthan,2020-01-22,Salary,Salaried
1858,Amit Sharma,47,Male,Jaipur,Rajasthan,2020-07-31,Salary,Self-Employed
1859,Anita Rao,39,Female,Hyderabad,Telangana,2020-03-10,Savings,Salaried
1860,Priya Joshi,59,Male,Bhopal,Madhya Pradesh,2020-09-02,Savings,Business
1861,Kiran Mehta,28,Male,Chennai,Tamil Nadu,2021-08-26,Current,Salaried
1862,Sanjay Dubey,38,Female,Bhopal,Madhya Pradesh,2023-09-29,Current,Student
1863,Pooja Patel,38,Male,Ahmedabad,Gujarat,2022-03-06,Current,Salaried
1864,Suresh Nair,32,Female,Delhi,Delhi,2022-10-04,Savings,Self-Employed
1865,Pooja Tiwari,27,Male,Jaipur,Rajasthan,2024-04-23,Current,Business
1866,Divya Singh,49,Female,Delhi,Delhi,2020-03-12,Savings,Salaried
1867,Manish Nair,49,Male,Kolkata,West Bengal,2020-10-31,Salary,Salaried
1868,Priya Kapoor,38,Male,Bhopal,Madhya Pradesh,2021-11-06,Current,Salaried
1869,Aakash Tiwari,51,Female,Ahmedabad,Gujarat,2024-09-24,Salary,Salaried
1870,Ritu Rao,21,Female,Bhopal,Madhya Pradesh,2024-08-02,Current,Salaried
1871,Manish Malhotra,42,Female,Ahmedabad,Gujarat,2020-04-23,Salary,Salaried
1872,Anita Reddy,26,Female,Chennai,Tamil Nadu,2023-08-19,Savings,Business
1873,Ritu Verma,45,Male,Chennai,Tamil Nadu,2023-11-26,Current,Salaried
1874,Sanjay Malhotra,52,Male,Chandigarh,Punjab,2022-06-15,Salary,Business
1875,Vikram Verma,33,Male,Bhopal,Madhya Pradesh,2023-04-29,Savings,Self-Employed
1876,Kiran Patel,55,Female,Kolkata,West Bengal,2022-12-29,Current,Salaried
1877,Priya Reddy,24,Female,Bhopal,Madhya Pradesh,2020-03-28,Current,Salaried
1878,Arjun Dubey,55,Male,Bhopal,Madhya Pradesh,2023-04-01,Savings,Salaried
1879,Priya Gupta,52,Male,Kolkata,West Bengal,2023-06-20,Savings,Business
1880,Nikhil Gupta,21,Male,Chandigarh,Punjab,2020-04-12,Current,Salaried
1881,Deepak Mehta,58,Male,Delhi,Delhi,2020-08-21,Current,Business
1882,Amit Joshi,48,Female,Bhopal,Madhya Pradesh,2023-10-21,Current,Student
1883,Sneha Gupta,41,Male,Mumbai,Maharashtra,2023-04-29,Savings,Student
1884,Amit Singh,38,Male,Ahmedabad,Gujarat,2020-12-10,Salary,Student
1885,Ritu Mehta,49,Male,Lucknow,Uttar Pradesh,2020-03-24,Savings,Salaried
1886,Sanjay Kapoor,31,Male,Kolkata,West Bengal,2020-06-14,Savings,Salaried
1887,Pooja Patel,58,Female,Ahmedabad,Gujarat,2023-11-21,Current,Business
1888,Arjun Gupta,38,Female,Ahmedabad,Gujarat,2021-05-04,Savings,Salaried
1889,Divya Mehta,52,Male,Chandigarh,Punjab,2024-08-19,Current,Student
1890,Meena Sharma,56,Male,Hyderabad,Telangana,2020-08-28,Salary,Salaried
1891,Divya Malhotra,55,Male,Kolkata,West Bengal,2024-04-26,Salary,Business
1892,Suresh Verma,33,Male,Bangalore,Karnataka,2023-11-04,Current,Self-Employed
1893,Pooja Mehta,23,Male,Chandigarh,Punjab,2022-01-15,Current,Business
1894,Meena Nair,42,Female,Mumbai,Maharashtra,2020-08-01,Salary,Salaried
1895,Ritu Mehta,31,Male,Kolkata,West Bengal,2022-11-20,Savings,Salaried
1896,Neha Dubey,58,Female,Ahmedabad,Gujarat,2021-02-11,Salary,Student
1897,Neha Singh,41,Male,Delhi,Delhi,2021-04-30,Salary,Self-Employed
1898,Arjun Kapoor,35,Male,Kolkata,West Bengal,2023-04-13,Current,Salaried
1899,Meena Gupta,34,Female,Bangalore,Karnataka,2022-03-04,Current,Business
1900,Deepak Joshi,43,Female,Hyderabad,Telangana,2021-11-18,Savings,Salaried
1901,Nikhil Verma,38,Male,Delhi,Delhi,2024-10-10,Current,Self-Employed
1902,Meena Mehta,42,Male,Chennai,Tamil Nadu,2023-05-21,Savings,Business
1903,Manish Rao,26,Female,Jaipur,Rajasthan,2022-09-28,Savings,Self-Employed
1904,Deepak Nair,21,Female,Bhopal,Madhya Pradesh,2024-11-22,Savings,Business
1905,Rohit Mishra,58,Male,Lucknow,Uttar Pradesh,2020-11-01,Salary,Salaried
1906,Meena Verma,23,Female,Bhopal,Madhya Pradesh,2024-04-23,Salary,Salaried
1907,Meena Kapoor,51,Male,Kolkata,West Bengal,2022-10-11,Savings,Salaried
1908,Ritu Sharma,47,Male,Bangalore,Karnataka,2022-01-04,Current,Business
1909,Sanjay Patel,22,Female,Chandigarh,Punjab,2021-09-16,Savings,Self-Employed
1910,Manish Sharma,50,Female,Bangalore,Karnataka,2024-11-25,Salary,Self-Employed
1911,Pooja Malhotra,50,Male,Chandigarh,Punjab,2020-05-24,Current,Student
1912,Aakash Verma,39,Female,Chennai,Tamil Nadu,2023-11-30,Salary,Business
1913,Rekha Patel,60,Female,Bhopal,Madhya Pradesh,2020-04-22,Salary,Student
1914,Priya Singh,45,Female,Kolkata,West Bengal,2023-06-21,Savings,Student
1915,Anita Mehta,56,Male,Jaipur,Rajasthan,2023-12-23,Savings,Business
1916,Rohit Rao,55,Male,Chandigarh,Punjab,2022-09-06,Salary,Business
1917,Swati Rao,41,Female,Chennai,Tamil Nadu,2022-10-28,Salary,Self-Employed
1918,Suresh Verma,25,Female,Pune,Maharashtra,2022-07-15,Current,Salaried
1919,Sunita Iyer,49,Female,Chandigarh,Punjab,2023-11-20,Savings,Business
1920,Deepak Patel,26,Female,Bangalore,Karnataka,2021-08-13,Savings,Salaried
1921,Pooja Nair,28,Male,Kolkata,West Bengal,2020-11-04,Savings,Salaried
1922,Kavya Mishra,55,Male,Kolkata,West Bengal,2021-12-11,Current,Self-Employed
1923,Swati Sharma,39,Male,Delhi,Delhi,2020-02-15,Savings,Student
1924,Meena Reddy,41,Female,Lucknow,Uttar Pradesh,2023-09-25,Salary,Self-Employed
1925,Deepak Iyer,57,Male,Chennai,Tamil Nadu,2020-12-17,Current,Business
1926,Sunita Malhotra,39,Male,Bangalore,Karnataka,2021-12-24,Current,Self-Employed
1927,Pooja Mehta,55,Female,Bangalore,Karnataka,2020-12-25,Salary,Business
1928,Pooja Rao,28,Male,Pune,Maharashtra,2023-03-22,Savings,Self-Employed
1929,Suresh Malhotra,32,Male,Jaipur,Rajasthan,2023-12-19,Savings,Student
1930,Anita Gupta,44,Female,Jaipur,Rajasthan,2020-11-28,Salary,Student
1931,Sneha Sharma,46,Female,Bangalore,Karnataka,2022-07-27,Current,Business
1932,Rahul Reddy,39,Female,Chennai,Tamil Nadu,2024-03-24,Salary,Business
1933,Manish Dubey,42,Male,Bhopal,Madhya Pradesh,2022-09-07,Savings,Business
1934,Rekha Singh,40,Male,Ahmedabad,Gujarat,2023-06-18,Savings,Self-Employed
1935,Anita Patel,41,Male,Lucknow,Uttar Pradesh,2023-08-06,Savings,Business
1936,Suresh Joshi,22,Male,Jaipur,Rajasthan,2024-10-05,Current,Salaried
1937,Aakash Kapoor,33,Female,Pune,Maharashtra,2023-05-20,Salary,Salaried
1938,Rekha Malhotra,46,Male,Bhopal,Madhya Pradesh,2024-10-14,Current,Student
1939,Kiran Malhotra,21,Female,Pune,Maharashtra,2021-12-20,Current,Self-Employed
1940,Ritu Patel,34,Female,Bhopal,Madhya Pradesh,2022-05-01,Current,Student
1941,Pooja Mishra,47,Male,Lucknow,Uttar Pradesh,2023-05-09,Savings,Business
1942,Arjun Iyer,51,Female,Delhi,Delhi,2023-04-24,Current,Salaried
1943,Rahul Mishra,38,Female,Bangalore,Karnataka,2023-02-12,Current,Business
1944,Arjun Mehta,45,Female,Jaipur,Rajasthan,2022-10-01,Savings,Student
1945,Manish Iyer,52,Female,Hyderabad,Telangana,2020-02-24,Savings,Business
1946,Suresh Iyer,51,Male,Chandigarh,Punjab,2023-09-25,Current,Self-Employed
1947,Pooja Tiwari,36,Male,Delhi,Delhi,2024-04-15,Current,Self-Employed
1948,Amit Malhotra,58,Female,Lucknow,Uttar Pradesh,2022-06-12,Current,Self-Employed
1949,Nikhil Singh,44,Male,Chennai,Tamil Nadu,2020-11-29,Salary,Salaried
1950,Vikram Reddy,50,Male,Pune,Maharashtra,2020-11-30,Savings,Student
1951,Anita Mishra,43,Male,Chennai,Tamil Nadu,2021-08-20,Salary,Salaried
1952,Aakash Joshi,32,Male,Lucknow,Uttar Pradesh,2024-03-21,Savings,Student
1953,Rohit Iyer,38,Female,Delhi,Delhi,2022-12-30,Salary,Student
1954,Vikram Sharma,29,Female,Pune,Maharashtra,2024-05-13,Current,Self-Employed
1955,Rohit Mehta,27,Male,Bangalore,Karnataka,2022-10-27,Savings,Business
1956,Ritu Singh,47,Female,Delhi,Delhi,2020-08-26,Savings,Salaried
1957,Sunita Malhotra,40,Female,Bangalore,Karnataka,2024-07-31,Current,Student
1958,Pooja Iyer,22,Male,Hyderabad,Telangana,2020-09-20,Salary,Business
1959,Nikhil Rao,40,Male,Hyderabad,Telangana,2020-09-23,Savings,Self-Employed
1960,Nikhil Singh,25,Male,Kolkata,West Bengal,2024-03-31,Current,Salaried
1961,Arjun Singh,23,Male,Kolkata,West Bengal,2020-08-31,Current,Salaried
1962,Amit Iyer,21,Male,Delhi,Delhi,2023-05-17,Savings,Business
1963,Pooja Malhotra,22,Male,Bangalore,Karnataka,2024-09-28,Salary,Student
1964,Manish Malhotra,43,Male,Jaipur,Rajasthan,2024-05-18,Salary,Business
1965,Aakash Patel,27,Male,Jaipur,Rajasthan,2021-03-20,Salary,Business
1966,Kavya Mehta,55,Male,Bhopal,Madhya Pradesh,2020-07-21,Savings,Self-Employed
1967,Anita Mehta,49,Male,Bangalore,Karnataka,2024-09-05,Current,Self-Employed
1968,Meena Joshi,53,Male,Ahmedabad,Gujarat,2020-08-19,Current,Salaried
1969,Deepak Singh,54,Male,Kolkata,West Bengal,2024-04-10,Current,Student
1970,Ritu Verma,26,Female,Kolkata,West Bengal,2020-08-24,Current,Student
1971,Deepak Iyer,49,Male,Jaipur,Rajasthan,2022-04-14,Current,Self-Employed
1972,Arjun Patel,51,Female,Bangalore,Karnataka,2020-01-27,Salary,Self-Employed
1973,Rekha Singh,46,Female,Jaipur,Rajasthan,2023-09-10,Salary,Salaried
1974,Sneha Gupta,46,Female,Bhopal,Madhya Pradesh,2023-04-24,Savings,Business
1975,Amit Malhotra,33,Female,Hyderabad,Telangana,2023-05-03,Current,Salaried
1976,Neha Mishra,52,Female,Bhopal,Madhya Pradesh,2024-04-17,Salary,Student
1977,Sanjay Kapoor,43,Female,Chandigarh,Punjab,2023-05-20,Current,Self-Employed
1978,Aakash Nair,30,Female,Delhi,Delhi,2020-09-07,Current,Self-Employed
1979,Sunita Rao,29,Male,Delhi,Delhi,2024-02-20,Savings,Salaried
1980,Sunita Sharma,32,Female,Lucknow,Uttar Pradesh,2023-10-23,Current,Business
1981,Kavya Singh,25,Female,Kolkata,West Bengal,2021-02-17,Current,Self-Employed
1982,Sunita Nair,55,Female,Jaipur,Rajasthan,2023-01-24,Savings,Salaried
1983,Meena Singh,45,Female,Pune,Maharashtra,2024-10-12,Current,Self-Employed
1984,Deepak Verma,23,Male,Jaipur,Rajasthan,2023-09-12,Current,Business
1985,Sunita Mishra,29,Female,Bhopal,Madhya Pradesh,2022-03-07,Current,Salaried
1986,Manish Tiwari,56,Female,Kolkata,West Bengal,2023-02-25,Savings,Salaried
1987,Kiran Nair,52,Female,Lucknow,Uttar Pradesh,2023-10-17,Current,Student
1988,Rohit Verma,22,Male,Bangalore,Karnataka,2024-09-10,Current,Student
1989,Swati Sharma,42,Female,Delhi,Delhi,2022-05-26,Current,Student
1990,Meena Malhotra,24,Male,Hyderabad,Telangana,2021-04-25,Salary,Student
1991,Manish Patel,25,Female,Delhi,Delhi,2021-11-22,Savings,Salaried
1992,Ritu Reddy,23,Female,Chandigarh,Punjab,2024-11-03,Current,Self-Employed
1993,Suresh Sharma,51,Male,Pune,Maharashtra,2022-02-12,Salary,Self-Employed
1994,Rohit Singh,52,Male,Bhopal,Madhya Pradesh,2023-10-14,Savings,Student
1995,Sunita Reddy,31,Female,Pune,Maharashtra,2022-06-11,Savings,Self-Employed
1996,Sanjay Patel,55,Male,Chennai,Tamil Nadu,2021-06-27,Savings,Student
1997,Manish Kapoor,35,Male,Bhopal,Madhya Pradesh,2024-09-24,Salary,Salaried
1998,Manish Reddy,38,Male,Lucknow,Uttar Pradesh,2024-06-28,Salary,Self-Employed
1999,Meena Joshi,43,Male,Chandigarh,Punjab,2024-08-14,Current,Student
2000,Meena Reddy,33,Female,Ahmedabad,Gujarat,2021-05-29,Salary,Self-Employed
